idx,max,mean,std,perc_90,num_passed,density,range,rel
1,0.275634765625,0.2494584321975708,0.016053982079029083,0.268798828125,181,1.0,0.0897216796875,1
2,0.2734375,0.2362089604139328,0.02193065918982029,0.26289063692092896,84,1.0,0.1005859375,1
3,0.276123046875,0.2440880388021469,0.017723511904478073,0.2630859315395355,65,1.0,0.099853515625,1
4,0.26806640625,0.2482759952545166,0.017030658200383186,0.26166993379592896,65,1.0,0.09814453125,1
5,0.265380859375,0.2469998151063919,0.016093075275421143,0.259765625,71,1.0,0.0875244140625,1
6,0.2529296875,0.2206028550863266,0.016859646886587143,0.2403564453125,56,1.0,0.0655517578125,1
7,0.281005859375,0.22912073135375977,0.03301060572266579,0.2633300721645355,163,1.0,0.140625,1
8,0.283203125,0.22306674718856812,0.024290811270475388,0.2501220703125,102,1.0,0.1121826171875,1
9,0.25634765625,0.23309937119483948,0.02745799347758293,0.24981689453125,20,1.0,0.0823974609375,0
10,0.27783203125,0.2479248046875,0.016690343618392944,0.2623535096645355,68,1.0,0.0926513671875,1
11,0.273193359375,0.23650497198104858,0.015774454921483994,0.2516113221645355,205,1.0,0.102783203125,1
12,0.245849609375,0.21009019017219543,0.023726772516965866,0.24067382514476776,17,1.0,0.071044921875,0
13,0.26025390625,0.23654785752296448,0.014088956639170647,0.24716797471046448,65,1.0,0.0858154296875,1
14,0.238037109375,0.20474781095981598,0.015009778551757336,0.2254638671875,51,1.0,0.06689453125,0
15,0.2432861328125,0.2130618840456009,0.016371067613363266,0.23032227158546448,67,1.0,0.0723876953125,0
16,0.26220703125,0.22909453511238098,0.018233533948659897,0.24761962890625,66,1.0,0.07568359375,1
17,0.2568359375,0.23996612429618835,0.010490289889276028,0.24990233778953552,395,1.0,0.0826416015625,1
18,0.2481689453125,0.2173069566488266,0.014291801489889622,0.23433837294578552,84,1.0,0.0732421875,1
19,0.2451171875,0.21945953369140625,0.024162568151950836,0.236572265625,16,1.0,0.0709228515625,1
20,0.250732421875,0.231720432639122,0.016398828476667404,0.24553222954273224,67,1.0,0.0780029296875,1
21,0.238525390625,0.21287253499031067,0.02000410668551922,0.23381347954273224,27,1.0,0.06787109375,0
22,0.25048828125,0.21188808977603912,0.016749385744333267,0.22802734375,94,1.0,0.083251953125,1
23,0.260498046875,0.22934052348136902,0.0231856107711792,0.2459716796875,33,1.0,0.08984375,1
24,0.2318115234375,0.19604706764221191,0.016862818971276283,0.21806640923023224,57,1.0,0.0677490234375,0
25,0.2388916015625,0.19806480407714844,0.025962406769394875,0.23116454482078552,64,1.0,0.0882568359375,1
26,0.265380859375,0.24077987670898438,0.010648728348314762,0.25139158964157104,224,1.0,0.0814208984375,1
27,0.244384765625,0.21383395791053772,0.017577223479747772,0.23035888373851776,180,1.0,0.084716796875,1
28,0.23046875,0.20556640625,0.022340867668390274,0.23024901747703552,10,1.0,0.0543212890625,0
29,0.240234375,0.20629385113716125,0.02016299217939377,0.22690430283546448,49,1.0,0.1083984375,0
30,0.2471923828125,0.22900712490081787,0.014362543821334839,0.24091796576976776,38,1.0,0.0623779296875,0
31,0.2308349609375,0.20893298089504242,0.01475030742585659,0.22954101860523224,19,1.0,0.0472412109375,0
32,0.2427978515625,0.22291310131549835,0.017633460462093353,0.23612061142921448,48,1.0,0.0760498046875,1
33,0.2469482421875,0.22019600868225098,0.013505731709301472,0.23820801079273224,175,1.0,0.072998046875,0
34,0.26611328125,0.2092982679605484,0.026798537001013756,0.25043946504592896,42,1.0,0.11279296875,1
35,0.2286376953125,0.2081996351480484,0.015695665031671524,0.22786864638328552,14,1.0,0.0438232421875,0
36,0.2626953125,0.22565430402755737,0.016884924843907356,0.24332275986671448,100,1.0,0.0999755859375,1
37,0.2342529296875,0.20586799085140228,0.013437812216579914,0.224609375,51,1.0,0.0645751953125,0
38,0.263916015625,0.22838908433914185,0.016454048454761505,0.24638672173023224,164,1.0,0.0928955078125,1
39,0.2578125,0.2310030609369278,0.0187617726624012,0.24951171875,61,1.0,0.076171875,1
40,0.231689453125,0.2073160856962204,0.016272086650133133,0.22562256455421448,24,1.0,0.0523681640625,1
41,0.247314453125,0.22405993938446045,0.011039258912205696,0.23588867485523224,537,1.0,0.0758056640625,0
42,0.266845703125,0.20359903573989868,0.030671851709485054,0.242919921875,120,1.0,0.1177978515625,1
43,0.2437744140625,0.21501600742340088,0.013572340831160545,0.22915038466453552,90,1.0,0.076904296875,0
44,0.2431640625,0.20297305285930634,0.013881085440516472,0.22066649794578552,192,1.0,0.07177734375,0
45,0.2271728515625,0.2126668244600296,0.00885617546737194,0.22468261420726776,18,1.0,0.03076171875,1
46,0.23974609375,0.2140560895204544,0.011156880296766758,0.22900390625,263,1.0,0.062255859375,1
47,0.248046875,0.21307188272476196,0.015407253056764603,0.23015137016773224,99,1.0,0.0748291015625,0
48,0.2421875,0.2096140831708908,0.01676766388118267,0.23164062201976776,82,1.0,0.077392578125,0
49,0.2315673828125,0.2123006135225296,0.01695111021399498,0.22412109375,30,1.0,0.0614013671875,0
50,0.2239990234375,0.18744507431983948,0.020158924162387848,0.21413573622703552,40,1.0,0.0931396484375,1
51,0.22216796875,0.19459383189678192,0.011928499676287174,0.213134765625,71,1.0,0.0517578125,0
52,0.2425537109375,0.21441279351711273,0.013644764199852943,0.2313232421875,115,1.0,0.0701904296875,1
53,0.234130859375,0.21387939155101776,0.013821943663060665,0.22453613579273224,30,1.0,0.051513671875,0
54,0.2308349609375,0.2035997211933136,0.016552668064832687,0.22233887016773224,18,1.0,0.051513671875,0
55,0.2374267578125,0.20381303131580353,0.01744415983557701,0.2205810546875,11,1.0,0.066162109375,0
56,0.2296142578125,0.2044542133808136,0.01971895806491375,0.22221679985523224,18,1.0,0.0643310546875,0
57,0.23193359375,0.2125600129365921,0.016015011817216873,0.22510986030101776,24,1.0,0.05810546875,0
58,0.228515625,0.1954111009836197,0.01612704060971737,0.2210693359375,26,1.0,0.0582275390625,0
59,0.2264404296875,0.20283353328704834,0.012990160845220089,0.21975097060203552,49,1.0,0.0545654296875,0
60,0.23779296875,0.2149057537317276,0.016833530738949776,0.2305908203125,126,1.0,0.088134765625,1
61,0.2313232421875,0.20273636281490326,0.01498919166624546,0.22258301079273224,49,1.0,0.0604248046875,0
62,0.2445068359375,0.21880480647087097,0.012717679142951965,0.23371581733226776,98,1.0,0.0697021484375,1
63,0.236328125,0.19729137420654297,0.015654243528842926,0.21854248642921448,128,1.0,0.0732421875,0
64,0.2227783203125,0.1971297413110733,0.011249733157455921,0.21099853515625,106,1.0,0.05078125,0
65,0.244384765625,0.20501098036766052,0.022434832528233528,0.23051758110523224,20,1.0,0.0726318359375,0
66,0.2454833984375,0.21735787391662598,0.016379620879888535,0.2357177734375,230,1.0,0.0811767578125,1
67,0.2362060546875,0.20946654677391052,0.017284289002418518,0.22811278700828552,20,1.0,0.0582275390625,0
68,0.219970703125,0.18885387480258942,0.018953192979097366,0.21622315049171448,44,1.0,0.069580078125,1
69,0.282958984375,0.24644802510738373,0.019143713638186455,0.263916015625,440,1.0,0.1051025390625,1
70,0.237060546875,0.19664360582828522,0.016492463648319244,0.21735839545726776,157,1.0,0.09423828125,0
71,0.225341796875,0.19314981997013092,0.015139910392463207,0.21397705376148224,120,1.0,0.07421875,0
72,0.23193359375,0.20893318951129913,0.013668033294379711,0.22509765625,31,1.0,0.0565185546875,0
73,0.216552734375,0.2028982937335968,0.01305102277547121,0.21630859375,21,1.0,0.0357666015625,0
74,0.246337890625,0.1991240531206131,0.018763290718197823,0.223388671875,107,1.0,0.093505859375,0
75,0.242919921875,0.20681670308113098,0.0117674320936203,0.22406005859375,66,1.0,0.0648193359375,0
76,0.251220703125,0.21163521707057953,0.01559030544012785,0.22938232123851776,102,1.0,0.0777587890625,0
77,0.2318115234375,0.19775842130184174,0.020096229389309883,0.22502441704273224,27,1.0,0.055419921875,0
78,0.22265625,0.20193685591220856,0.01323255430907011,0.21585693955421448,30,1.0,0.0443115234375,0
79,0.2281494140625,0.2039494514465332,0.014215902425348759,0.21938475966453552,65,1.0,0.0562744140625,0
80,0.2198486328125,0.1954803466796875,0.012925221584737301,0.20992431044578552,32,1.0,0.04638671875,0
81,0.235107421875,0.20197691023349762,0.014437375590205193,0.22072753310203552,269,1.0,0.073974609375,0
82,0.2457275390625,0.20741119980812073,0.018701614812016487,0.23282471299171448,80,1.0,0.0751953125,0
83,0.238037109375,0.21337752044200897,0.014173705130815506,0.22767333686351776,88,1.0,0.0648193359375,0
84,0.25927734375,0.21478271484375,0.023663857951760292,0.24667969346046448,24,1.0,0.08349609375,0
85,0.2406005859375,0.21977539360523224,0.012241552583873272,0.24027100205421448,10,1.0,0.03662109375,0
86,0.2425537109375,0.2199941724538803,0.021580249071121216,0.237060546875,26,1.0,0.0723876953125,0
87,0.22607421875,0.18988037109375,0.017175721004605293,0.21022948622703552,70,1.0,0.0716552734375,0
88,0.2288818359375,0.21085241436958313,0.012082699686288834,0.2200927734375,66,1.0,0.0623779296875,0
89,0.213134765625,0.1988307386636734,0.014094007201492786,0.21235351264476776,28,1.0,0.047119140625,0
90,0.2225341796875,0.1999104768037796,0.01460300199687481,0.21540527045726776,75,1.0,0.0911865234375,0
91,0.222900390625,0.19994378089904785,0.014193200506269932,0.21728515625,66,1.0,0.0638427734375,0
92,0.21923828125,0.199127197265625,0.009728739969432354,0.21184082329273224,104,1.0,0.0491943359375,0
93,0.2314453125,0.1954154521226883,0.013581136241555214,0.21197509765625,166,1.0,0.071044921875,0
94,0.2364501953125,0.19700245559215546,0.01951000466942787,0.22148437798023224,77,1.0,0.1029052734375,0
95,0.2445068359375,0.1959075927734375,0.018545543774962425,0.2119140625,16,1.0,0.0718994140625,0
96,0.2408447265625,0.2108585685491562,0.010870832949876785,0.22314453125,116,1.0,0.0643310546875,0
97,0.2431640625,0.2013247013092041,0.015628401190042496,0.21804198622703552,127,1.0,0.0797119140625,0
98,0.22998046875,0.18794067203998566,0.01572808064520359,0.20947265625,141,1.0,0.06787109375,0
99,0.269775390625,0.21220797300338745,0.023541465401649475,0.24692383408546448,103,1.0,0.0987548828125,1
100,0.2149658203125,0.19230040907859802,0.015465672127902508,0.21262207627296448,40,1.0,0.05224609375,0
1,0.29931640625,0.2625550329685211,0.032591093331575394,0.2913574278354645,67,1.0,0.1251220703125,1
2,0.294921875,0.2767578065395355,0.012555191293358803,0.29338377714157104,10,1.0,0.03466796875,1
3,0.27587890625,0.23275218904018402,0.016418535262346268,0.2588867247104645,187,1.0,0.085205078125,0
4,0.271484375,0.23075836896896362,0.016040166839957237,0.2490234375,51,1.0,0.0826416015625,0
5,0.25732421875,0.22384105622768402,0.013347169384360313,0.24261474609375,68,1.0,0.056640625,0
6,0.27978515625,0.23990276455879211,0.01820260100066662,0.26020509004592896,127,1.0,0.0865478515625,1
7,0.257080078125,0.23245371878147125,0.012552599422633648,0.24936524033546448,69,1.0,0.0545654296875,0
8,0.266845703125,0.22821812331676483,0.017796028405427933,0.24658203125,167,1.0,0.090087890625,0
9,0.251220703125,0.2269878387451172,0.01796555146574974,0.24648436903953552,64,1.0,0.0679931640625,0
10,0.265869140625,0.2195231169462204,0.02181953564286232,0.24647216498851776,18,1.0,0.0743408203125,0
11,0.2568359375,0.205760195851326,0.012335353530943394,0.22304686903953552,497,1.0,0.0789794921875,0
12,0.238525390625,0.2205810546875,0.013824459165334702,0.23536376655101776,18,1.0,0.043212890625,0
13,0.2291259765625,0.2074369490146637,0.012497644871473312,0.22185058891773224,337,1.0,0.0601806640625,0
14,0.254150390625,0.2270779013633728,0.01692911423742771,0.25056153535842896,18,1.0,0.051513671875,0
15,0.24755859375,0.2111613005399704,0.016543235629796982,0.22756347060203552,180,1.0,0.0816650390625,0
16,0.266357421875,0.1980295032262802,0.020021917298436165,0.22412109375,357,1.0,0.1134033203125,0
17,0.2420654296875,0.2136404812335968,0.014634881168603897,0.23236083984375,42,1.0,0.0635986328125,0
18,0.261474609375,0.22999483346939087,0.020743034780025482,0.256103515625,17,1.0,0.0665283203125,0
19,0.2294921875,0.1967686265707016,0.020394066348671913,0.22491455078125,14,1.0,0.0609130859375,0
20,0.2369384765625,0.2057088166475296,0.012504149228334427,0.22414550185203552,24,1.0,0.0518798828125,0
21,0.2308349609375,0.21988677978515625,0.011064860969781876,0.22930908203125,16,1.0,0.0343017578125,0
22,0.2354736328125,0.2141791433095932,0.01217862032353878,0.2305908203125,27,1.0,0.0546875,0
23,0.224365234375,0.2095571607351303,0.007001344580203295,0.2176513671875,26,1.0,0.0264892578125,0
24,0.250732421875,0.22252990305423737,0.014384954236447811,0.23933105170726776,57,1.0,0.060791015625,0
25,0.2315673828125,0.1890665739774704,0.01953684352338314,0.20855712890625,42,1.0,0.087158203125,0
26,0.2301025390625,0.2184884250164032,0.005409687757492065,0.22529296576976776,70,1.0,0.02294921875,0
27,0.22509765625,0.2065700888633728,0.01570601761341095,0.2197265625,126,1.0,0.0841064453125,0
28,0.222412109375,0.2046053111553192,0.008579016663134098,0.21533203125,71,1.0,0.04443359375,0
29,0.237548828125,0.2128678262233734,0.013746264390647411,0.2266845703125,91,1.0,0.0743408203125,0
30,0.2208251953125,0.19672556221485138,0.011780817061662674,0.21516112983226776,33,1.0,0.047607421875,0
31,0.236328125,0.2153131514787674,0.008120577782392502,0.2261962890625,181,1.0,0.042236328125,0
32,0.2327880859375,0.21043623983860016,0.010560444556176662,0.22221679985523224,47,1.0,0.0487060546875,0
33,0.267822265625,0.21458804607391357,0.017941396683454514,0.23471680283546448,95,1.0,0.1015625,0
34,0.257080078125,0.21170800924301147,0.015819700434803963,0.2318115234375,266,1.0,0.0843505859375,0
35,0.2413330078125,0.21034863591194153,0.011439082212746143,0.22434082627296448,142,1.0,0.06689453125,0
36,0.2449951171875,0.22145181894302368,0.010506689548492432,0.23977050185203552,30,1.0,0.041748046875,0
37,0.244140625,0.22336426377296448,0.015053283423185349,0.24147948622703552,15,1.0,0.049560546875,0
38,0.243408203125,0.2122679501771927,0.012097246944904327,0.22602538764476776,99,1.0,0.0595703125,0
39,0.24169921875,0.2180432230234146,0.006166963838040829,0.22509765625,395,1.0,0.0455322265625,0
40,0.24169921875,0.2249882072210312,0.009651003405451775,0.23464354872703552,29,1.0,0.0399169921875,0
41,0.228271484375,0.21226119995117188,0.00948130153119564,0.22386474907398224,32,1.0,0.0418701171875,0
42,0.2415771484375,0.20376408100128174,0.011284987442195415,0.21923828125,51,1.0,0.052734375,0
43,0.2303466796875,0.211302250623703,0.008400929160416126,0.22150878608226776,84,1.0,0.03515625,0
44,0.2216796875,0.20428936183452606,0.007600491866469383,0.21467284858226776,13,1.0,0.0311279296875,0
45,0.2197265625,0.20159374177455902,0.008814916014671326,0.21260985732078552,68,1.0,0.04541015625,0
46,0.27978515625,0.22531786561012268,0.024408400058746338,0.26953125,51,1.0,0.087890625,0
47,0.22900390625,0.1978236585855484,0.017341118305921555,0.21696777641773224,28,1.0,0.060791015625,0
48,0.2330322265625,0.20610815286636353,0.00981143768876791,0.21674804389476776,137,1.0,0.0511474609375,0
49,0.220703125,0.2056749165058136,0.012094402685761452,0.216796875,9,1.0,0.0322265625,0
50,0.2408447265625,0.20219381153583527,0.01407715305685997,0.21628418564796448,113,1.0,0.081787109375,0
51,0.251708984375,0.19114059209823608,0.014920173212885857,0.20908203721046448,295,1.0,0.0997314453125,0
52,0.2279052734375,0.2040388435125351,0.0086912726983428,0.21530762314796448,582,1.0,0.052978515625,0
53,0.2191162109375,0.207763671875,0.004849536810070276,0.2137451171875,15,1.0,0.017578125,0
54,0.23291015625,0.20016001164913177,0.01319973450154066,0.2159423828125,166,1.0,0.0654296875,0
55,0.229248046875,0.20856556296348572,0.008725589141249657,0.21962890028953552,188,1.0,0.0447998046875,0
56,0.254638671875,0.21015015244483948,0.017724739387631416,0.23054198920726776,20,1.0,0.0706787109375,0
57,0.2276611328125,0.20724160969257355,0.010082725435495377,0.21871337294578552,112,1.0,0.05322265625,0
58,0.2196044921875,0.2047434151172638,0.008645694702863693,0.2158203125,31,1.0,0.03466796875,0
59,0.23046875,0.21419677138328552,0.008443298749625683,0.2230224609375,30,1.0,0.0384521484375,0
60,0.2396240234375,0.21672452986240387,0.009075642563402653,0.22963866591453552,27,1.0,0.0362548828125,0
61,0.2802734375,0.21263709664344788,0.021578626707196236,0.2423095703125,26,1.0,0.09814453125,0
62,0.216064453125,0.2018248736858368,0.010089662857353687,0.21120604872703552,83,1.0,0.0535888671875,0
63,0.24951171875,0.22267138957977295,0.011462683789432049,0.23508301377296448,129,1.0,0.058349609375,0
64,0.247314453125,0.20904956758022308,0.010244918055832386,0.22177734971046448,88,1.0,0.0595703125,0
65,0.2471923828125,0.19313712418079376,0.012653897516429424,0.2078857421875,223,1.0,0.0826416015625,0
66,0.259521484375,0.21376730501651764,0.015469060279428959,0.22531738877296448,22,1.0,0.063720703125,0
67,0.24365234375,0.20309725403785706,0.016543276607990265,0.22357177734375,66,1.0,0.09228515625,0
68,0.2227783203125,0.208908811211586,0.0067366547882556915,0.21533203125,21,1.0,0.0240478515625,0
69,0.2237548828125,0.20902138948440552,0.008737518452107906,0.21923828125,122,1.0,0.0401611328125,0
70,0.2283935546875,0.21124012768268585,0.00903521291911602,0.2215576171875,96,1.0,0.0391845703125,0
71,0.23193359375,0.20786939561367035,0.012036649510264397,0.22406005859375,112,1.0,0.0513916015625,0
72,0.238037109375,0.2125345915555954,0.009192085824906826,0.22297362983226776,24,1.0,0.0386962890625,0
73,0.248779296875,0.20920158922672272,0.01705646514892578,0.23468017578125,136,1.0,0.0814208984375,0
74,0.242919921875,0.2169845849275589,0.01355039793998003,0.2344970703125,106,1.0,0.0604248046875,0
75,0.2393798828125,0.20227989554405212,0.014964405447244644,0.216796875,26,1.0,0.06787109375,0
76,0.2261962890625,0.20880596339702606,0.006480147130787373,0.21671143174171448,104,1.0,0.0467529296875,0
77,0.22509765625,0.2007509171962738,0.007297929842025042,0.2098388671875,136,1.0,0.0460205078125,0
78,0.23876953125,0.2033635973930359,0.012690375559031963,0.22064208984375,66,1.0,0.0626220703125,0
79,0.2342529296875,0.2067948579788208,0.013849413953721523,0.22495117783546448,63,1.0,0.0574951171875,0
80,0.2298583984375,0.21195845305919647,0.009360677562654018,0.2255859375,11,1.0,0.0294189453125,0
81,0.229248046875,0.20560912787914276,0.012542287819087505,0.21909180283546448,20,1.0,0.057373046875,0
82,0.263671875,0.23928000032901764,0.026539599522948265,0.263427734375,11,1.0,0.064453125,0
83,0.2467041015625,0.2049635350704193,0.01045456063002348,0.21630859375,98,1.0,0.0689697265625,0
84,0.225341796875,0.1985868513584137,0.014207416214048862,0.21575927734375,68,1.0,0.05859375,0
85,0.236572265625,0.21352101862430573,0.009505156427621841,0.22385254502296448,67,1.0,0.0450439453125,0
86,0.2274169921875,0.20409487187862396,0.010715358890593052,0.21811524033546448,73,1.0,0.054443359375,0
87,0.23291015625,0.20222796499729156,0.012003106996417046,0.215087890625,66,1.0,0.0660400390625,0
88,0.2286376953125,0.2036844938993454,0.011212149634957314,0.21315917372703552,12,1.0,0.0428466796875,0
89,0.2225341796875,0.1996307373046875,0.0190871711820364,0.221435546875,16,1.0,0.074951171875,0
90,0.2100830078125,0.19389905035495758,0.010866410098969936,0.20856933295726776,19,1.0,0.0423583984375,0
91,0.2310791015625,0.197881281375885,0.012416671961545944,0.21401366591453552,115,1.0,0.0574951171875,0
92,0.230712890625,0.20073699951171875,0.013997722417116165,0.21738281846046448,32,1.0,0.0709228515625,0
93,0.2132568359375,0.20041054487228394,0.006857840344309807,0.20933838188648224,38,1.0,0.02685546875,0
94,0.2232666015625,0.20411132276058197,0.007436711341142654,0.21188965439796448,25,1.0,0.03369140625,0
95,0.2156982421875,0.19575543701648712,0.008689832873642445,0.20698241889476776,175,1.0,0.0426025390625,0
96,0.277587890625,0.22371980547904968,0.020585013553500175,0.24848632514476776,87,1.0,0.1207275390625,0
97,0.2281494140625,0.20682556927204132,0.007376397028565407,0.21494141221046448,73,1.0,0.0423583984375,0
98,0.2301025390625,0.1949082463979721,0.016642417758703232,0.21208496391773224,77,1.0,0.0772705078125,0
99,0.25146484375,0.21677164733409882,0.00859930831938982,0.22678223252296448,537,1.0,0.0638427734375,0
100,0.25634765625,0.22236894071102142,0.016170857474207878,0.24356690049171448,82,1.0,0.06640625,0
1,0.2724609375,0.2321428507566452,0.014927729964256287,0.24710693955421448,14,1.0,0.0579833984375,1
2,0.27001953125,0.2357381135225296,0.013803289271891117,0.2554565370082855,24,1.0,0.05419921875,1
3,0.28369140625,0.26279038190841675,0.01585296168923378,0.2764648497104645,104,1.0,0.0806884765625,1
4,0.2705078125,0.24184417724609375,0.01761259324848652,0.2637939453125,16,1.0,0.05859375,1
5,0.273193359375,0.2389824092388153,0.01996188797056675,0.2624267637729645,82,1.0,0.0814208984375,0
6,0.2763671875,0.2542577385902405,0.013505459763109684,0.2668212950229645,58,1.0,0.0604248046875,1
7,0.27197265625,0.24925915896892548,0.016683533787727356,0.2638183534145355,29,1.0,0.0552978515625,1
8,0.279296875,0.23824426531791687,0.018923070281744003,0.2611083984375,66,1.0,0.087158203125,1
9,0.265380859375,0.20510171353816986,0.023070620372891426,0.24384765326976776,295,1.0,0.1087646484375,0
10,0.269775390625,0.25242018699645996,0.011102690361440182,0.26274412870407104,69,1.0,0.0577392578125,0
11,0.27099609375,0.2482072412967682,0.011500208638608456,0.26171875,153,1.0,0.059326171875,1
12,0.25390625,0.22541716694831848,0.015099482610821724,0.24360351264476776,115,1.0,0.0723876953125,1
13,0.258544921875,0.234344482421875,0.015288515016436577,0.25507813692092896,24,1.0,0.0478515625,1
14,0.294677734375,0.26500263810157776,0.014581072144210339,0.2802734375,122,1.0,0.07568359375,1
15,0.2437744140625,0.22388634085655212,0.009916515089571476,0.24064941704273224,13,1.0,0.029296875,1
16,0.2418212890625,0.20517505705356598,0.014458448626101017,0.22324219346046448,102,1.0,0.0687255859375,0
17,0.271240234375,0.24752263724803925,0.013055896386504173,0.263427734375,129,1.0,0.055908203125,0
18,0.2410888671875,0.22271321713924408,0.009031538851559162,0.23354491591453552,15,1.0,0.031494140625,0
19,0.260498046875,0.22386617958545685,0.015875546261668205,0.24432373046875,102,1.0,0.077392578125,0
20,0.282470703125,0.24746166169643402,0.027447059750556946,0.2781738340854645,34,1.0,0.089599609375,1
21,0.245361328125,0.2280825674533844,0.007874997332692146,0.23659667372703552,84,1.0,0.0379638671875,0
22,0.252685546875,0.21256624162197113,0.018296217545866966,0.2352294921875,108,1.0,0.079345703125,0
23,0.2359619140625,0.22411702573299408,0.008748873136937618,0.23382568359375,30,1.0,0.027099609375,0
24,0.2578125,0.2071811407804489,0.01750534027814865,0.22998046875,136,1.0,0.0958251953125,0
25,0.260498046875,0.22599002718925476,0.022314921021461487,0.24599608778953552,29,1.0,0.0794677734375,0
26,0.252197265625,0.20702160894870758,0.026057491078972816,0.23475341498851776,38,1.0,0.0875244140625,0
27,0.2396240234375,0.22296142578125,0.008031453005969524,0.23116454482078552,18,1.0,0.030029296875,0
28,0.2398681640625,0.22522711753845215,0.006513579282909632,0.2327880859375,66,1.0,0.0289306640625,0
29,0.2301025390625,0.19719980657100677,0.017635464668273926,0.21601562201976776,115,1.0,0.094482421875,0
30,0.232421875,0.2084810733795166,0.015003222972154617,0.22553710639476776,65,1.0,0.06201171875,0
31,0.2347412109375,0.22938232123851776,0.004319788422435522,0.23386231064796448,10,1.0,0.013671875,0
32,0.24365234375,0.21942737698554993,0.01211812999099493,0.23583984375,51,1.0,0.050048828125,0
33,0.2357177734375,0.20641005039215088,0.013345771469175816,0.22172851860523224,135,1.0,0.0791015625,0
34,0.2264404296875,0.20460094511508942,0.01633790321648121,0.2252197265625,11,1.0,0.0450439453125,0
35,0.2364501953125,0.2191827893257141,0.008042396977543831,0.225830078125,11,1.0,0.02880859375,0
36,0.232666015625,0.2225443571805954,0.005779668688774109,0.22685547173023224,12,1.0,0.020751953125,0
37,0.267333984375,0.2088177353143692,0.024937979876995087,0.24191895127296448,178,1.0,0.1090087890625,0
38,0.2452392578125,0.2094951868057251,0.018255122005939484,0.22841796278953552,65,1.0,0.09228515625,0
39,0.22509765625,0.2107645720243454,0.009177146479487419,0.21973876655101776,12,1.0,0.0267333984375,0
40,0.24072265625,0.21743427217006683,0.008577656000852585,0.2269287109375,537,1.0,0.0477294921875,0
41,0.260009765625,0.2088344693183899,0.017614271491765976,0.23220214247703552,57,1.0,0.0823974609375,0
42,0.2373046875,0.19752022624015808,0.017215166240930557,0.22385254502296448,175,1.0,0.0687255859375,0
43,0.2247314453125,0.2085486799478531,0.0054147918708622456,0.21333007514476776,65,1.0,0.0291748046875,0
44,0.279052734375,0.2157374769449234,0.03310868516564369,0.2662109434604645,28,1.0,0.1265869140625,0
45,0.251953125,0.2182636708021164,0.010465451516211033,0.231201171875,187,1.0,0.0606689453125,0
46,0.2257080078125,0.1991170197725296,0.018159767612814903,0.22514648735523224,12,1.0,0.0450439453125,0
47,0.252685546875,0.22082464396953583,0.008166839368641376,0.22998046875,224,1.0,0.0587158203125,1
48,0.2435302734375,0.2127634733915329,0.01319397334009409,0.2247314453125,24,1.0,0.0540771484375,0
49,0.25732421875,0.21729207038879395,0.012684210203588009,0.2322998046875,106,1.0,0.0653076171875,0
50,0.258544921875,0.19442351162433624,0.02314336970448494,0.223388671875,46,1.0,0.09912109375,0
51,0.285888671875,0.21016186475753784,0.026606189087033272,0.24228516221046448,113,1.0,0.12255859375,0
52,0.251953125,0.21294927597045898,0.01980062760412693,0.2349853515625,77,1.0,0.090576171875,0
53,0.2470703125,0.2236875295639038,0.009330477565526962,0.2337646484375,116,1.0,0.051025390625,1
54,0.241455078125,0.21652640402317047,0.011230815201997757,0.230224609375,51,1.0,0.0518798828125,0
55,0.24853515625,0.2027842253446579,0.015692217275500298,0.22191162407398224,192,1.0,0.08154296875,0
56,0.2265625,0.2096623331308365,0.007679646834731102,0.21975097060203552,65,1.0,0.037109375,0
57,0.25537109375,0.2177065908908844,0.015172261744737625,0.23699951171875,42,1.0,0.07470703125,0
58,0.237548828125,0.19431979954242706,0.014917447231709957,0.2147216796875,121,1.0,0.070068359375,0
59,0.260986328125,0.21275277435779572,0.01531927939504385,0.23016357421875,116,1.0,0.0892333984375,0
60,0.2435302734375,0.22519099712371826,0.010803742334246635,0.24165038764476776,17,1.0,0.032470703125,0
61,0.23583984375,0.20736660063266754,0.012659178115427494,0.22119140625,91,1.0,0.0814208984375,0
62,0.2205810546875,0.1894989013671875,0.01599716581404209,0.21391601860523224,40,1.0,0.0667724609375,0
63,0.25,0.2119893878698349,0.011081967502832413,0.22336426377296448,47,1.0,0.058837890625,0
64,0.244384765625,0.22114138305187225,0.007401270791888237,0.2330322265625,61,1.0,0.0333251953125,0
65,0.23583984375,0.21887817978858948,0.009469657205045223,0.23161621391773224,20,1.0,0.0316162109375,0
66,0.2371826171875,0.2093098908662796,0.014107119292020798,0.22854003310203552,24,1.0,0.056884765625,0
67,0.2255859375,0.20001220703125,0.012897321954369545,0.21964111924171448,20,1.0,0.0447998046875,0
68,0.24169921875,0.20194964110851288,0.017533881589770317,0.22324219346046448,70,1.0,0.0772705078125,0
69,0.222412109375,0.2075602263212204,0.009029959328472614,0.21782226860523224,39,1.0,0.037841796875,0
70,0.255615234375,0.21206797659397125,0.015964357182383537,0.23029784858226776,69,1.0,0.0777587890625,0
71,0.2225341796875,0.20953798294067383,0.010846555233001709,0.218994140625,71,1.0,0.048095703125,0
72,0.2303466796875,0.19089320302009583,0.015806233510375023,0.21171875298023224,69,1.0,0.07568359375,0
73,0.2354736328125,0.20974496006965637,0.015344124287366867,0.2259521484375,26,1.0,0.057861328125,0
74,0.25341796875,0.20526123046875,0.013257534243166447,0.22039794921875,84,1.0,0.082763671875,0
75,0.260498046875,0.2183821201324463,0.012869703583419323,0.235595703125,73,1.0,0.067138671875,0
76,0.232421875,0.20673571527004242,0.016739515587687492,0.22414550185203552,19,1.0,0.0606689453125,0
77,0.217529296875,0.19361290335655212,0.014333336614072323,0.21162109076976776,13,1.0,0.0400390625,0
78,0.234375,0.21814335882663727,0.006589048076421022,0.22565917670726776,395,1.0,0.0408935546875,0
79,0.2279052734375,0.205672487616539,0.020630862563848495,0.2227783203125,126,1.0,0.10552978515625,0
80,0.248779296875,0.21582390367984772,0.010610518045723438,0.22891846299171448,68,1.0,0.05810546875,0
81,0.2396240234375,0.2121708244085312,0.008559602312743664,0.22099609673023224,29,1.0,0.04296875,0
82,0.2213134765625,0.19083984196186066,0.016505779698491096,0.21568603813648224,50,1.0,0.059814453125,0
83,0.2469482421875,0.22802734375,0.014775607734918594,0.24343261122703552,18,1.0,0.0406494140625,0
84,0.235107421875,0.2099207043647766,0.011685696430504322,0.22337646782398224,88,1.0,0.0535888671875,0
85,0.2169189453125,0.2003445029258728,0.012074376456439495,0.21646729111671448,18,1.0,0.033203125,0
86,0.21923828125,0.20076151192188263,0.01122240349650383,0.21519775688648224,94,1.0,0.0484619140625,0
87,0.2349853515625,0.21635708212852478,0.009424231015145779,0.22995606064796448,73,1.0,0.0517578125,0
88,0.229736328125,0.20194868743419647,0.018178381025791168,0.22331543266773224,77,1.0,0.082763671875,0
89,0.2325439453125,0.2204047292470932,0.009104789234697819,0.22947998344898224,18,1.0,0.0289306640625,0
90,0.2374267578125,0.2003648579120636,0.014668307267129421,0.21802978217601776,180,1.0,0.0726318359375,0
91,0.2188720703125,0.1790951043367386,0.015807630494236946,0.19918212294578552,68,1.0,0.070068359375,0
92,0.22265625,0.21089865267276764,0.006910083815455437,0.22150878608226776,22,1.0,0.0230712890625,0
93,0.21630859375,0.1975969523191452,0.010354354046285152,0.21270751953125,28,1.0,0.037841796875,0
94,0.2225341796875,0.213470458984375,0.004821989685297012,0.22185058891773224,20,1.0,0.0177001953125,0
95,0.280029296875,0.2548452615737915,0.021997807547450066,0.279541015625,13,1.0,0.06494140625,0
96,0.2305908203125,0.212249293923378,0.009715926833450794,0.2218017578125,67,1.0,0.04736328125,0
97,0.2454833984375,0.20441783964633942,0.016439424827694893,0.223876953125,66,1.0,0.078857421875,0
98,0.238037109375,0.22047118842601776,0.007236092817038298,0.22661133110523224,10,1.0,0.025634765625,0
99,0.2320556640625,0.20330104231834412,0.015271727927029133,0.2236328125,95,1.0,0.0682373046875,0
100,0.251220703125,0.2074114978313446,0.01376846618950367,0.22370605170726776,113,1.0,0.07861328125,0
1,0.290283203125,0.2611656188964844,0.02751135639846325,0.28369140625,32,1.0,0.10791015625,1
2,0.286376953125,0.2631484568119049,0.020705878734588623,0.2779541015625,66,1.0,0.09521484375,1
3,0.281982421875,0.2287520170211792,0.02689848467707634,0.26435548067092896,63,1.0,0.0994873046875,1
4,0.2646484375,0.2363019734621048,0.03291494399309158,0.2642578184604645,14,1.0,0.085693359375,1
5,0.273681640625,0.24540342390537262,0.01763291470706463,0.2704101502895355,29,1.0,0.0640869140625,1
6,0.28173828125,0.24534206092357635,0.03211672604084015,0.2703613340854645,19,1.0,0.1025390625,1
7,0.2685546875,0.23329563438892365,0.026658449321985245,0.2621093690395355,19,1.0,0.07763671875,0
8,0.2705078125,0.2309841513633728,0.030681082978844643,0.2645263671875,18,1.0,0.0970458984375,0
9,0.25634765625,0.22257080674171448,0.02994452230632305,0.25458985567092896,10,1.0,0.0704345703125,0
10,0.25390625,0.2322881817817688,0.02490217052400112,0.251953125,21,1.0,0.072509765625,0
11,0.256591796875,0.2193979173898697,0.02345115877687931,0.2510009706020355,13,1.0,0.065185546875,0
12,0.250244140625,0.2186344563961029,0.010612373240292072,0.23024901747703552,187,1.0,0.074951171875,0
13,0.255615234375,0.21010781824588776,0.019898656755685806,0.23708495497703552,187,1.0,0.09521484375,0
14,0.260986328125,0.20083722472190857,0.019669165834784508,0.22770996391773224,205,1.0,0.1058349609375,0
15,0.262451171875,0.23058319091796875,0.021395409479737282,0.2573486268520355,32,1.0,0.077392578125,0
16,0.2467041015625,0.2254638671875,0.018230265006422997,0.24041748046875,30,1.0,0.0732421875,0
17,0.272705078125,0.2376708984375,0.02170979045331478,0.265625,96,1.0,0.087158203125,0
18,0.2646484375,0.2207845002412796,0.023825472220778465,0.24639892578125,18,1.0,0.0828857421875,0
19,0.2447509765625,0.22740404307842255,0.014071372337639332,0.23699951171875,66,1.0,0.06982421875,0
20,0.234375,0.17741665244102478,0.011933940462768078,0.1900634765625,141,1.0,0.08935546875,0
21,0.28466796875,0.2193085104227066,0.02206769958138466,0.24028320610523224,73,1.0,0.1123046875,0
22,0.2412109375,0.22736816108226776,0.010927877388894558,0.24099120497703552,10,1.0,0.028564453125,0
23,0.247802734375,0.21689556539058685,0.015908701345324516,0.23444823920726776,47,1.0,0.07373046875,0
24,0.232177734375,0.2011006623506546,0.02373718097805977,0.23117676377296448,12,1.0,0.06103515625,0
25,0.2313232421875,0.1908365935087204,0.01883028820157051,0.21094970405101776,18,1.0,0.064697265625,0
26,0.25634765625,0.2136925309896469,0.01692458614706993,0.2337646484375,65,1.0,0.080322265625,0
27,0.26611328125,0.2159772664308548,0.014451725408434868,0.2335205078125,112,1.0,0.08349609375,0
28,0.23193359375,0.21229858696460724,0.016138752922415733,0.22792968153953552,20,1.0,0.0545654296875,0
29,0.24658203125,0.21126556396484375,0.01850096322596073,0.2347412109375,32,1.0,0.074462890625,0
30,0.2427978515625,0.202495738863945,0.01751820184290409,0.218994140625,71,1.0,0.0987548828125,0
31,0.279052734375,0.2262393683195114,0.02835201844573021,0.2682128846645355,17,1.0,0.09619140625,1
32,0.26611328125,0.22188793122768402,0.031412817537784576,0.2552246153354645,17,1.0,0.099609375,1
33,0.252197265625,0.20440474152565002,0.01594381034374237,0.22457274794578552,122,1.0,0.087646484375,0
34,0.2381591796875,0.20397289097309113,0.013801372610032558,0.21994629502296448,37,1.0,0.0657958984375,0
35,0.268310546875,0.2141469269990921,0.016693253070116043,0.232666015625,24,1.0,0.0755615234375,0
36,0.271728515625,0.21889016032218933,0.024688895791769028,0.2479248046875,216,1.0,0.1405029296875,0
37,0.2568359375,0.20717209577560425,0.022497616708278656,0.23876953125,26,1.0,0.082275390625,0
38,0.2305908203125,0.20068828761577606,0.01572461612522602,0.2213134765625,26,1.0,0.0594482421875,0
39,0.2286376953125,0.2039387971162796,0.016106361523270607,0.22280272841453552,27,1.0,0.0589599609375,0
40,0.2269287109375,0.1909041851758957,0.018208829686045647,0.21807861328125,62,1.0,0.087158203125,0
41,0.27294921875,0.20976975560188293,0.020858431234955788,0.23681640625,136,1.0,0.113525390625,0
42,0.2327880859375,0.2003663331270218,0.014965333975851536,0.21906737983226776,192,1.0,0.07861328125,0
43,0.2313232421875,0.20789653062820435,0.00913900788873434,0.218994140625,181,1.0,0.052734375,0
44,0.224853515625,0.19519361853599548,0.011651523411273956,0.20964355766773224,115,1.0,0.05615234375,0
45,0.25439453125,0.2107257843017578,0.016906563192605972,0.23378905653953552,128,1.0,0.090087890625,0
46,0.281494140625,0.22378268837928772,0.020438043400645256,0.25029295682907104,180,1.0,0.1077880859375,0
47,0.2222900390625,0.2033952921628952,0.011654329486191273,0.21939697861671448,28,1.0,0.0465087890625,0
48,0.2498779296875,0.21440301835536957,0.018044376745820045,0.23505859076976776,95,1.0,0.07568359375,0
49,0.272705078125,0.21809177100658417,0.018269892781972885,0.2401123046875,51,1.0,0.10009765625,0
50,0.260498046875,0.19843783974647522,0.016266241669654846,0.21657714247703552,73,1.0,0.10205078125,0
51,0.28076171875,0.22645068168640137,0.03264170140028,0.26630860567092896,357,1.0,0.1195068359375,0
52,0.249755859375,0.19584517180919647,0.0210699662566185,0.2210693359375,77,1.0,0.115234375,0
53,0.251708984375,0.20163173973560333,0.014614243991672993,0.21844482421875,116,1.0,0.0814208984375,0
54,0.23046875,0.2135125994682312,0.00913990754634142,0.22381591796875,84,1.0,0.0445556640625,0
55,0.2247314453125,0.19767680764198303,0.016602562740445137,0.22360840439796448,19,1.0,0.055908203125,0
56,0.2159423828125,0.20025634765625,0.012517465278506279,0.21457520127296448,12,1.0,0.0404052734375,0
57,0.2373046875,0.20988325774669647,0.018636224791407585,0.2349853515625,11,1.0,0.0528564453125,0
58,0.224365234375,0.1990327388048172,0.01670275814831257,0.21612548828125,126,1.0,0.09326171875,0
59,0.251953125,0.21068218350410461,0.009847731329500675,0.22065429389476776,153,1.0,0.069091796875,0
60,0.25537109375,0.2059852033853531,0.01624872535467148,0.2255859375,65,1.0,0.076416015625,0
61,0.2568359375,0.20564432442188263,0.014276319183409214,0.2203369140625,47,1.0,0.073974609375,0
62,0.21923828125,0.20809173583984375,0.010233879089355469,0.2176513671875,16,1.0,0.0328369140625,0
63,0.2158203125,0.2006891369819641,0.008590495213866234,0.21368408203125,22,1.0,0.031494140625,0
64,0.230712890625,0.20774050056934357,0.006781608797609806,0.2152099609375,395,1.0,0.0496826171875,0
65,0.2413330078125,0.2030029296875,0.01526025403290987,0.213623046875,11,1.0,0.0562744140625,0
66,0.228515625,0.18838340044021606,0.019320717081427574,0.21912841498851776,38,1.0,0.0665283203125,0
67,0.2275390625,0.19723156094551086,0.0125051224604249,0.21147461235523224,129,1.0,0.0665283203125,0
68,0.2337646484375,0.20832706987857819,0.01312246359884739,0.22075195610523224,13,1.0,0.043701171875,0
69,0.216064453125,0.20145539939403534,0.00885311234742403,0.215087890625,31,1.0,0.03466796875,0
70,0.2352294921875,0.1944715678691864,0.01426133792847395,0.21293945610523224,27,1.0,0.0662841796875,0
71,0.2491455078125,0.20816099643707275,0.017278708517551422,0.2354736328125,51,1.0,0.072265625,0
72,0.220947265625,0.19789738953113556,0.012609650380909443,0.21347656846046448,57,1.0,0.053955078125,0
73,0.237548828125,0.19803191721439362,0.011018178425729275,0.210205078125,173,1.0,0.0731201171875,0
74,0.2344970703125,0.18996666371822357,0.014549901708960533,0.20461425185203552,58,1.0,0.081787109375,0
75,0.2293701171875,0.18704447150230408,0.017064539715647697,0.20830078423023224,123,1.0,0.0867919921875,0
76,0.2496337890625,0.2145514339208603,0.018348341807723045,0.23674316704273224,337,1.0,0.0987548828125,0
77,0.239990234375,0.1919761598110199,0.014797817915678024,0.2083740234375,163,1.0,0.1025390625,0
78,0.2381591796875,0.19832143187522888,0.020020920783281326,0.22634276747703552,57,1.0,0.0784912109375,0
79,0.243896484375,0.2111297994852066,0.008350158110260963,0.21853026747703552,73,1.0,0.0555419921875,0
80,0.209228515625,0.1827392578125,0.009643025696277618,0.19301757216453552,19,1.0,0.044921875,0
81,0.220947265625,0.191529780626297,0.01276650931686163,0.20815429091453552,84,1.0,0.0562744140625,0
82,0.2379150390625,0.17828728258609772,0.020545296370983124,0.2034912109375,51,1.0,0.1055908203125,0
83,0.2161865234375,0.1933402717113495,0.01173030212521553,0.20543213188648224,262,1.0,0.081298828125,0
84,0.239501953125,0.201629638671875,0.013881909660995007,0.2188720703125,64,1.0,0.0653076171875,0
85,0.257080078125,0.194854736328125,0.02135721780359745,0.22784423828125,104,1.0,0.10693359375,0
86,0.2154541015625,0.2020498365163803,0.007968664169311523,0.21038818359375,26,1.0,0.03466796875,0
87,0.2388916015625,0.18535006046295166,0.016387181356549263,0.20871582627296448,178,1.0,0.0833740234375,0
88,0.2222900390625,0.20810988545417786,0.005777348298579454,0.21501465141773224,537,1.0,0.038818359375,0
89,0.2103271484375,0.20302511751651764,0.007703099399805069,0.20915527641773224,33,1.0,0.027099609375,0
90,0.212646484375,0.19546304643154144,0.008171035908162594,0.20650634169578552,30,1.0,0.0357666015625,0
91,0.274658203125,0.20741339027881622,0.031903285533189774,0.2598876953125,46,1.0,0.1055908203125,0
92,0.208251953125,0.19471153616905212,0.008945021778345108,0.20732422173023224,13,1.0,0.025390625,0
93,0.27978515625,0.21436065435409546,0.01279801782220602,0.22226563096046448,542,1.0,0.0992431640625,0
94,0.206787109375,0.1882534623146057,0.009001895785331726,0.19754639267921448,58,1.0,0.0406494140625,0
95,0.2454833984375,0.20695357024669647,0.014855855144560337,0.222900390625,22,1.0,0.06982421875,0
96,0.22412109375,0.18374252319335938,0.014099177904427052,0.20090332627296448,64,1.0,0.069580078125,0
97,0.225830078125,0.1946614533662796,0.01709066703915596,0.21322020888328552,18,1.0,0.0689697265625,0
98,0.247802734375,0.21293826401233673,0.0142204063013196,0.22944335639476776,82,1.0,0.07373046875,0
99,0.2244873046875,0.19529622793197632,0.014070202596485615,0.21125487983226776,15,1.0,0.0543212890625,0
100,0.2147216796875,0.1937924325466156,0.010705736465752125,0.20335693657398224,42,1.0,0.06103515625,0
1,0.304931640625,0.26328468322753906,0.0380658358335495,0.29248046875,64,1.0,0.1241455078125,1
2,0.2724609375,0.25965577363967896,0.008836819790303707,0.2689453065395355,10,1.0,0.0316162109375,0
3,0.26953125,0.24202561378479004,0.014166421256959438,0.257568359375,187,1.0,0.094970703125,0
4,0.260986328125,0.2316056787967682,0.017422830685973167,0.24951171875,51,1.0,0.0885009765625,0
5,0.2529296875,0.21900056302547455,0.017551133409142494,0.235595703125,19,1.0,0.0645751953125,0
6,0.26416015625,0.22645384073257446,0.01675643026828766,0.24169921875,91,1.0,0.0867919921875,0
7,0.268310546875,0.22154687345027924,0.020188460126519203,0.24395751953125,216,1.0,0.12353515625,0
8,0.28515625,0.22825299203395844,0.026488160714507103,0.2696777284145355,33,1.0,0.1031494140625,1
9,0.26513671875,0.20419709384441376,0.02271365001797676,0.24481201171875,46,1.0,0.0970458984375,0
10,0.26025390625,0.23697635531425476,0.02008262649178505,0.25175780057907104,29,1.0,0.0767822265625,0
11,0.289306640625,0.2427109032869339,0.022683145478367805,0.2646484375,73,1.0,0.111328125,0
12,0.275390625,0.22935359179973602,0.016209686174988747,0.2471923828125,192,1.0,0.095703125,0
13,0.283935546875,0.2263537496328354,0.01769552379846573,0.2481689453125,269,1.0,0.1065673828125,1
14,0.2626953125,0.22784423828125,0.02911783568561077,0.25666505098342896,18,1.0,0.0860595703125,0
15,0.259765625,0.2192644327878952,0.019825266674160957,0.24219970405101776,42,1.0,0.0877685546875,0
16,0.256103515625,0.22542813420295715,0.014483201317489147,0.24215087294578552,82,1.0,0.067138671875,0
17,0.25830078125,0.225876584649086,0.016546182334423065,0.24196776747703552,63,1.0,0.0692138671875,0
18,0.2413330078125,0.21131515502929688,0.015344617888331413,0.23395995795726776,32,1.0,0.0584716796875,0
19,0.257080078125,0.2259589284658432,0.01627238281071186,0.2449951171875,180,1.0,0.0770263671875,0
20,0.241455078125,0.19395768642425537,0.012339570559561253,0.20871582627296448,223,1.0,0.0723876953125,0
21,0.239013671875,0.21863555908203125,0.018862897530198097,0.23828125,16,1.0,0.0548095703125,0
22,0.2423095703125,0.21818991005420685,0.01690341718494892,0.23779296875,17,1.0,0.0631103515625,0
23,0.241943359375,0.21343939006328583,0.010691027157008648,0.22646483778953552,440,1.0,0.0692138671875,0
24,0.238037109375,0.2031947523355484,0.018936851993203163,0.23024901747703552,14,1.0,0.060791015625,0
25,0.2457275390625,0.2198657989501953,0.014914167113602161,0.23725585639476776,128,1.0,0.07470703125,0
26,0.2371826171875,0.2050083726644516,0.018892791122198105,0.22255858778953552,14,1.0,0.0648193359375,0
27,0.2366943359375,0.22014795243740082,0.009184535592794418,0.23090820014476776,73,1.0,0.0546875,0
28,0.259765625,0.23353354632854462,0.013843684457242489,0.2493896484375,337,1.0,0.0849609375,0
29,0.2364501953125,0.206207275390625,0.023469697684049606,0.234130859375,12,1.0,0.0537109375,0
30,0.2362060546875,0.21243850886821747,0.015441588126122952,0.23247070610523224,27,1.0,0.064208984375,0
31,0.250244140625,0.19700755178928375,0.021188681945204735,0.22319336235523224,184,1.0,0.097900390625,0
32,0.256591796875,0.20882250368595123,0.021178094670176506,0.23629149794578552,184,1.0,0.0986328125,0
33,0.28125,0.232060968875885,0.02768062800168991,0.27055662870407104,23,1.0,0.091796875,0
34,0.2391357421875,0.2161000519990921,0.01738550513982773,0.23422852158546448,24,1.0,0.06005859375,0
35,0.253662109375,0.23065821826457977,0.012999758124351501,0.24310302734375,96,1.0,0.0697021484375,0
36,0.23388671875,0.20428466796875,0.022626927122473717,0.22667236626148224,18,1.0,0.0692138671875,0
37,0.233642578125,0.20490722358226776,0.02086532860994339,0.22368164360523224,15,1.0,0.0631103515625,0
38,0.256103515625,0.236328125,0.014452253468334675,0.24907226860523224,69,1.0,0.0675048828125,0
39,0.2435302734375,0.2295009046792984,0.00979255884885788,0.23890380561351776,70,1.0,0.046630859375,0
40,0.2587890625,0.21266871690750122,0.02372477948665619,0.24138183891773224,357,1.0,0.1005859375,0
41,0.25634765625,0.22086505591869354,0.02201526053249836,0.24570313096046448,49,1.0,0.091796875,0
42,0.274658203125,0.24000117182731628,0.022036107257008553,0.26313477754592896,67,1.0,0.099853515625,0
43,0.2410888671875,0.2215649038553238,0.016398945823311806,0.237060546875,67,1.0,0.0621337890625,0
44,0.235107421875,0.20301403105258942,0.015604681335389614,0.22247314453125,66,1.0,0.0704345703125,0
45,0.251953125,0.218597412109375,0.023082971572875977,0.25043946504592896,12,1.0,0.063232421875,0
46,0.237548828125,0.21438875794410706,0.02112467959523201,0.2349853515625,11,1.0,0.0555419921875,0
47,0.2548828125,0.22124062478542328,0.01994384452700615,0.24400635063648224,62,1.0,0.077392578125,0
48,0.25390625,0.22652748227119446,0.012211574241518974,0.23908691108226776,129,1.0,0.0712890625,0
49,0.237060546875,0.2101384997367859,0.01986590586602688,0.2308349609375,11,1.0,0.0626220703125,0
50,0.2440185546875,0.2051798552274704,0.02044863998889923,0.22834472358226776,18,1.0,0.0712890625,0
51,0.2449951171875,0.21558228135108948,0.017936507239937782,0.23319092392921448,20,1.0,0.060546875,0
52,0.2432861328125,0.2192031443119049,0.011913999915122986,0.23480224609375,66,1.0,0.0570068359375,0
53,0.2435302734375,0.20601613819599152,0.017915695905685425,0.22890624403953552,57,1.0,0.072998046875,0
54,0.25634765625,0.2180410772562027,0.013517810963094234,0.2332763671875,239,1.0,0.087646484375,0
55,0.26611328125,0.21294806897640228,0.018945926800370216,0.23687744140625,136,1.0,0.0916748046875,0
56,0.245361328125,0.21693192422389984,0.0126396045088768,0.23312988877296448,47,1.0,0.0565185546875,0
57,0.2474365234375,0.22264358401298523,0.007450203411281109,0.23029784858226776,395,1.0,0.0682373046875,0
58,0.289794921875,0.21463216841220856,0.01289915107190609,0.22698974609375,180,1.0,0.1068115234375,0
59,0.23291015625,0.20402437448501587,0.013393531553447247,0.22014160454273224,68,1.0,0.0511474609375,0
60,0.2496337890625,0.2283196747303009,0.008371206000447273,0.237060546875,537,1.0,0.072265625,0
61,0.28369140625,0.2228573113679886,0.01831536367535591,0.2423095703125,51,1.0,0.099609375,0
62,0.2841796875,0.23905116319656372,0.017846262082457542,0.2579101622104645,127,1.0,0.106201171875,0
63,0.25830078125,0.21487003564834595,0.014776155352592468,0.2330322265625,65,1.0,0.0750732421875,0
64,0.27392578125,0.21098527312278748,0.02123088948428631,0.2396240234375,46,1.0,0.0931396484375,0
65,0.255126953125,0.21398283541202545,0.02447723038494587,0.24760742485523224,38,1.0,0.073486328125,0
66,0.2332763671875,0.21629638969898224,0.01937086693942547,0.23195800185203552,20,1.0,0.0587158203125,0
67,0.265625,0.2206013947725296,0.02481289952993393,0.24223633110523224,18,1.0,0.089599609375,0
68,0.25244140625,0.206388920545578,0.014066139236092567,0.22132568061351776,84,1.0,0.077392578125,0
69,0.2257080078125,0.1972522735595703,0.016641374677419662,0.21820068359375,64,1.0,0.064208984375,0
70,0.2423095703125,0.2233966737985611,0.008410468697547913,0.2335205078125,61,1.0,0.037841796875,0
71,0.244384765625,0.21793662011623383,0.010138511657714844,0.22915038466453552,98,1.0,0.054443359375,0
72,0.234619140625,0.2093418687582016,0.008168174885213375,0.21961669623851776,224,1.0,0.0474853515625,0
73,0.2454833984375,0.2239242047071457,0.010584263131022453,0.2371826171875,31,1.0,0.0439453125,0
74,0.238525390625,0.21730205416679382,0.011520665138959885,0.22856445610523224,65,1.0,0.0645751953125,0
75,0.2392578125,0.21320298314094543,0.011376765556633472,0.22667236626148224,68,1.0,0.0567626953125,0
76,0.2412109375,0.21031570434570312,0.01297843549400568,0.226318359375,64,1.0,0.05419921875,0
77,0.2421875,0.2165682464838028,0.008676709607243538,0.227294921875,181,1.0,0.05517578125,0
78,0.2342529296875,0.2200724333524704,0.010889403522014618,0.23031005263328552,84,1.0,0.054443359375,0
79,0.261962890625,0.22483649849891663,0.013167984783649445,0.2421875,122,1.0,0.072509765625,0
80,0.243408203125,0.20441791415214539,0.016046201810240746,0.22607421875,71,1.0,0.0699462890625,0
81,0.27978515625,0.2234940230846405,0.016553914174437523,0.24033203721046448,73,1.0,0.0966796875,0
82,0.251708984375,0.20476238429546356,0.01568843424320221,0.22507324814796448,104,1.0,0.0869140625,0
83,0.308837890625,0.22149764001369476,0.022128939628601074,0.24848632514476776,173,1.0,0.131591796875,0
84,0.24853515625,0.22320695221424103,0.013667427934706211,0.23929443955421448,88,1.0,0.0672607421875,0
85,0.226806640625,0.20761489868164062,0.012452133931219578,0.22299805283546448,32,1.0,0.04931640625,0
86,0.268798828125,0.21970532834529877,0.020193615928292274,0.2572021484375,46,1.0,0.0880126953125,0
87,0.234375,0.21670173108577728,0.011073007248342037,0.22647705674171448,68,1.0,0.0494384765625,0
88,0.22998046875,0.21493200957775116,0.010328098200261593,0.22553710639476776,65,1.0,0.0526123046875,0
89,0.22705078125,0.21314290165901184,0.014011450111865997,0.22346191108226776,30,1.0,0.0538330078125,0
90,0.22412109375,0.20816244184970856,0.00874367356300354,0.22028808295726776,15,1.0,0.0352783203125,0
91,0.2266845703125,0.2158868908882141,0.013729028403759003,0.22478027641773224,33,1.0,0.047607421875,0
92,0.269287109375,0.2128121554851532,0.016940265893936157,0.23104247450828552,182,1.0,0.0977783203125,0
93,0.2216796875,0.20071318745613098,0.01038930844515562,0.21466064453125,66,1.0,0.0478515625,0
94,0.2442626953125,0.20510219037532806,0.022107213735580444,0.229248046875,71,1.0,0.08740234375,0
95,0.219970703125,0.2075771689414978,0.008266277611255646,0.2159423828125,36,1.0,0.0406494140625,0
96,0.247802734375,0.21337175369262695,0.012883220799267292,0.22951659560203552,205,1.0,0.074951171875,0
97,0.2392578125,0.21343524754047394,0.01710972562432289,0.22988280653953552,13,1.0,0.0570068359375,0
98,0.25537109375,0.2257101833820343,0.01370623242110014,0.23765869438648224,112,1.0,0.0804443359375,0
99,0.23486328125,0.2174244225025177,0.013438176363706589,0.2305908203125,71,1.0,0.0531005859375,0
100,0.2357177734375,0.21763572096824646,0.014150146394968033,0.23027344048023224,39,1.0,0.0543212890625,0
1,0.2880859375,0.24913473427295685,0.019969914108514786,0.2717529237270355,68,1.0,0.0845947265625,1
2,0.28125,0.23908141255378723,0.019750457257032394,0.26289063692092896,173,1.0,0.095703125,1
3,0.30224609375,0.26795411109924316,0.01716294139623642,0.2854980528354645,337,1.0,0.1068115234375,1
4,0.289794921875,0.23443670570850372,0.017650825902819633,0.2558349668979645,182,1.0,0.102294921875,1
5,0.281982421875,0.2462398111820221,0.02027801051735878,0.27094727754592896,173,1.0,0.0860595703125,1
6,0.28173828125,0.2564277648925781,0.021822556853294373,0.2763671875,64,1.0,0.0784912109375,0
7,0.287353515625,0.23037852346897125,0.025836298242211342,0.2657470703125,184,1.0,0.1180419921875,1
8,0.281005859375,0.258056640625,0.015252191573381424,0.2750488221645355,122,1.0,0.072021484375,1
9,0.259765625,0.23055176436901093,0.01637836918234825,0.24960938096046448,50,1.0,0.064697265625,1
10,0.27197265625,0.24992303550243378,0.017551444470882416,0.2694091796875,46,1.0,0.0673828125,1
11,0.28759765625,0.24196776747703552,0.027940761297941208,0.2726074159145355,15,1.0,0.090087890625,1
12,0.27392578125,0.24679800868034363,0.015869513154029846,0.26318359375,156,1.0,0.086181640625,1
13,0.291015625,0.24794699251651764,0.02555825561285019,0.276123046875,22,1.0,0.0921630859375,0
14,0.266845703125,0.24454346299171448,0.012025698088109493,0.2601562440395355,40,1.0,0.0477294921875,1
15,0.281005859375,0.22969183325767517,0.020516159012913704,0.2574218809604645,107,1.0,0.090087890625,1
16,0.272216796875,0.2419605255126953,0.015728944912552834,0.2579101622104645,64,1.0,0.0738525390625,1
17,0.268798828125,0.2296927273273468,0.02088545635342598,0.25627440214157104,42,1.0,0.0867919921875,1
18,0.25390625,0.2310236096382141,0.019154071807861328,0.25048828125,11,1.0,0.0478515625,0
19,0.253173828125,0.2285698801279068,0.01959257945418358,0.24781493842601776,18,1.0,0.0557861328125,0
20,0.26708984375,0.2392781525850296,0.022162841632962227,0.26582032442092896,12,1.0,0.058349609375,1
21,0.284423828125,0.24331456422805786,0.02396509237587452,0.2730956971645355,73,1.0,0.0859375,1
22,0.276611328125,0.2283889800310135,0.023394517600536346,0.251708984375,80,1.0,0.1285400390625,1
23,0.275634765625,0.23239482939243317,0.014858148992061615,0.25224608182907104,167,1.0,0.0789794921875,1
24,0.275634765625,0.2353958785533905,0.019903765991330147,0.26032716035842896,168,1.0,0.0919189453125,1
25,0.2484130859375,0.20636935532093048,0.015506870113313198,0.22510986030101776,180,1.0,0.0762939453125,0
26,0.257080078125,0.2248220145702362,0.015377514064311981,0.2451171875,31,1.0,0.071533203125,0
27,0.23388671875,0.20784348249435425,0.00934541504830122,0.21856689453125,26,1.0,0.043212890625,0
28,0.291748046875,0.24132803082466125,0.021657362580299377,0.2677246034145355,98,1.0,0.1029052734375,1
29,0.2724609375,0.22872629761695862,0.016931021586060524,0.24744872748851776,62,1.0,0.08984375,1
30,0.2437744140625,0.21544799208641052,0.015090402215719223,0.2332763671875,20,1.0,0.048095703125,0
31,0.2861328125,0.24220703542232513,0.016838042065501213,0.2616210877895355,175,1.0,0.0859375,1
32,0.2471923828125,0.22887572646141052,0.015431949868798256,0.24385985732078552,20,1.0,0.051025390625,0
33,0.2308349609375,0.21612548828125,0.01151258498430252,0.23020020127296448,12,1.0,0.0335693359375,0
34,0.2470703125,0.22569958865642548,0.011191047728061676,0.23749999701976776,29,1.0,0.0462646484375,0
35,0.242431640625,0.20988158881664276,0.014346366748213768,0.23114013671875,20,1.0,0.0543212890625,0
36,0.238037109375,0.2231265753507614,0.009859804064035416,0.2335205078125,68,1.0,0.043701171875,0
37,0.2301025390625,0.1831749528646469,0.014790119603276253,0.20144042372703552,65,1.0,0.07470703125,0
38,0.254150390625,0.22134578227996826,0.015494144521653652,0.2413330078125,68,1.0,0.06787109375,1
39,0.2410888671875,0.217803955078125,0.015460699796676636,0.23748779296875,64,1.0,0.051513671875,0
40,0.228759765625,0.20529785752296448,0.00947155524045229,0.21359863877296448,10,1.0,0.0355224609375,0
41,0.2412109375,0.20895102620124817,0.008602523244917393,0.2198486328125,582,1.0,0.062744140625,0
42,0.250244140625,0.21556507050991058,0.016176359727978706,0.23724365234375,66,1.0,0.0662841796875,0
43,0.29736328125,0.22661906480789185,0.020455006510019302,0.2498779296875,41,1.0,0.1038818359375,0
44,0.23388671875,0.2072262465953827,0.009821806102991104,0.22111816704273224,77,1.0,0.04248046875,0
45,0.2452392578125,0.19906295835971832,0.008564728312194347,0.2086181640625,181,1.0,0.0693359375,0
46,0.260986328125,0.21355438232421875,0.017265746369957924,0.2384033203125,32,1.0,0.0750732421875,0
47,0.25732421875,0.22635051608085632,0.012039666064083576,0.23979492485523224,167,1.0,0.072021484375,0
48,0.2291259765625,0.20128019154071808,0.014801707118749619,0.2171630859375,71,1.0,0.06201171875,0
49,0.284423828125,0.24724192917346954,0.016648048534989357,0.2650390565395355,239,1.0,0.1029052734375,1
50,0.2320556640625,0.21414297819137573,0.00991011317819357,0.22775879502296448,27,1.0,0.0377197265625,0
51,0.2266845703125,0.21139761805534363,0.0075708660297095776,0.2215576171875,65,1.0,0.031982421875,0
52,0.2291259765625,0.21197979152202606,0.01363330613821745,0.22690430283546448,39,1.0,0.04931640625,0
53,0.257568359375,0.2346382886171341,0.013835353776812553,0.2491455078125,51,1.0,0.0611572265625,1
54,0.2213134765625,0.19767409563064575,0.010959949344396591,0.20758056640625,26,1.0,0.045166015625,0
55,0.2452392578125,0.2109973430633545,0.013394277542829514,0.2314453125,51,1.0,0.06396484375,0
56,0.2413330078125,0.21579007804393768,0.008939404971897602,0.22646483778953552,537,1.0,0.050537109375,0
57,0.23974609375,0.20940272510051727,0.011195352301001549,0.22337646782398224,192,1.0,0.0634765625,0
58,0.255126953125,0.22787368297576904,0.013890118338167667,0.2451171875,85,1.0,0.0638427734375,1
59,0.2354736328125,0.2065737098455429,0.012050315737724304,0.220947265625,135,1.0,0.069091796875,0
60,0.24755859375,0.235382080078125,0.012155155651271343,0.24669189751148224,12,1.0,0.0333251953125,0
61,0.2509765625,0.22061695158481598,0.008099249564111233,0.22934570908546448,187,1.0,0.0540771484375,0
62,0.248291015625,0.21582579612731934,0.01461840234696865,0.23233643174171448,178,1.0,0.069580078125,1
63,0.2244873046875,0.1996396780014038,0.014286941848695278,0.21943359076976776,29,1.0,0.0562744140625,0
64,0.231201171875,0.20266112685203552,0.010045795701444149,0.21889647841453552,30,1.0,0.0443115234375,0
65,0.2303466796875,0.2112775593996048,0.012906357645988464,0.22691650688648224,14,1.0,0.0396728515625,0
66,0.275146484375,0.23995555937290192,0.013658602721989155,0.25830078125,176,1.0,0.080078125,1
67,0.2388916015625,0.20283786952495575,0.01446774322539568,0.2183837890625,71,1.0,0.081298828125,0
68,0.2176513671875,0.2003551721572876,0.007880459539592266,0.21076659858226776,84,1.0,0.0413818359375,0
69,0.244140625,0.2125374972820282,0.010281523689627647,0.2232666015625,112,1.0,0.056396484375,0
70,0.2322998046875,0.20245476067066193,0.016161968931555748,0.22561034560203552,53,1.0,0.0616455078125,0
71,0.2314453125,0.20394368469715118,0.007383408490568399,0.2127685546875,542,1.0,0.0487060546875,0
72,0.22802734375,0.2158270925283432,0.008461827412247658,0.22611084580421448,18,1.0,0.02685546875,0
73,0.239990234375,0.19924400746822357,0.015893688425421715,0.22109374403953552,87,1.0,0.08154296875,0
74,0.28564453125,0.22278834879398346,0.017623133957386017,0.2457275390625,73,1.0,0.099853515625,0
75,0.2230224609375,0.20426683127880096,0.007951452396810055,0.21262207627296448,65,1.0,0.0364990234375,0
76,0.2347412109375,0.20290634036064148,0.012022084556519985,0.21684570610523224,115,1.0,0.0582275390625,0
77,0.21484375,0.1953938752412796,0.012096189893782139,0.20881347358226776,12,1.0,0.03564453125,0
78,0.271728515625,0.2323581874370575,0.017886705696582794,0.255859375,23,1.0,0.06591796875,1
79,0.2401123046875,0.21539480984210968,0.006484835874289274,0.2227783203125,70,1.0,0.039794921875,0
80,0.2269287109375,0.18369026482105255,0.01881112903356552,0.20820312201976776,43,1.0,0.0712890625,0
81,0.2286376953125,0.2028459757566452,0.013568547554314137,0.2169189453125,126,1.0,0.07568359375,0
82,0.2322998046875,0.21303710341453552,0.00904816947877407,0.22713622450828552,10,1.0,0.0316162109375,0
83,0.2415771484375,0.21027831733226776,0.013901273719966412,0.2301025390625,25,1.0,0.0516357421875,0
84,0.2176513671875,0.1985219269990921,0.008611473254859447,0.20911864936351776,24,1.0,0.0321044921875,0
85,0.2191162109375,0.1994027942419052,0.008376416750252247,0.20937499403953552,65,1.0,0.036376953125,0
86,0.23779296875,0.2078683078289032,0.013012290932238102,0.22697754204273224,63,1.0,0.0595703125,0
87,0.24169921875,0.21237576007843018,0.008727682754397392,0.2230224609375,395,1.0,0.0487060546875,0
88,0.259033203125,0.2039063572883606,0.02256808429956436,0.233154296875,701,1.0,0.120361328125,0
89,0.250732421875,0.20476134121418,0.014544650912284851,0.2227783203125,121,1.0,0.0745849609375,0
90,0.27880859375,0.23492926359176636,0.0198293998837471,0.2564941346645355,37,1.0,0.08349609375,1
91,0.2357177734375,0.2048286348581314,0.009321646764874458,0.21713867783546448,137,1.0,0.0599365234375,0
92,0.223388671875,0.2114935964345932,0.005736903753131628,0.21967773139476776,18,1.0,0.022216796875,0
93,0.2357177734375,0.20848499238491058,0.014690496027469635,0.2235107421875,11,1.0,0.0487060546875,0
94,0.222900390625,0.20764698088169098,0.0075998371466994286,0.2171630859375,68,1.0,0.04443359375,0
95,0.2301025390625,0.2076200544834137,0.01285246666520834,0.22773437201976776,17,1.0,0.047607421875,0
96,0.2227783203125,0.19191128015518188,0.01058682706207037,0.20693358778953552,153,1.0,0.0518798828125,0
97,0.26171875,0.23370546102523804,0.016438549384474754,0.2538085877895355,33,1.0,0.0587158203125,1
98,0.260009765625,0.21745820343494415,0.015421268530189991,0.23631592094898224,182,1.0,0.0909423828125,1
99,0.2337646484375,0.20081505179405212,0.012123120948672295,0.21303710341453552,13,1.0,0.051025390625,0
100,0.248291015625,0.1985502690076828,0.014919692650437355,0.21730956435203552,84,1.0,0.091552734375,0
1,0.2861328125,0.26016032695770264,0.03164193034172058,0.28217774629592896,30,1.0,0.1090087890625,1
2,0.278076171875,0.25221654772758484,0.029346231371164322,0.27617186307907104,19,1.0,0.0853271484375,1
3,0.28271484375,0.26143011450767517,0.018555959686636925,0.2769775390625,96,1.0,0.0955810546875,1
4,0.29443359375,0.2685648500919342,0.030941009521484375,0.2896484434604645,24,1.0,0.096923828125,1
5,0.288330078125,0.25064143538475037,0.020711444318294525,0.2718505859375,216,1.0,0.1025390625,1
6,0.2744140625,0.2386932373046875,0.028560910373926163,0.2695068418979645,32,1.0,0.088623046875,1
7,0.26416015625,0.23825308680534363,0.031860485672950745,0.262451171875,13,1.0,0.0787353515625,1
8,0.274169921875,0.2349429428577423,0.01870407722890377,0.2564941346645355,95,1.0,0.0821533203125,0
9,0.291748046875,0.24309833347797394,0.03110279142856598,0.272705078125,26,1.0,0.1143798828125,1
10,0.2744140625,0.22730712592601776,0.036456067115068436,0.27067869901657104,10,1.0,0.091064453125,1
11,0.287353515625,0.2584027945995331,0.022582976147532463,0.278564453125,73,1.0,0.1121826171875,1
12,0.2939453125,0.26687511801719666,0.01777581125497818,0.27851563692092896,112,1.0,0.1136474609375,1
13,0.256103515625,0.24348144233226776,0.00696340249851346,0.2519287168979645,10,1.0,0.023681640625,0
14,0.267333984375,0.2342732697725296,0.027871422469615936,0.26276856660842896,18,1.0,0.0926513671875,0
15,0.255126953125,0.2291814684867859,0.02481091581285,0.2548828125,11,1.0,0.0635986328125,0
16,0.284423828125,0.24771635234355927,0.026988400146365166,0.27387696504592896,65,1.0,0.10595703125,1
17,0.2498779296875,0.22610947489738464,0.010941792279481888,0.2388916015625,187,1.0,0.0733642578125,0
18,0.280517578125,0.21418987214565277,0.02454228699207306,0.2557128965854645,115,1.0,0.1102294921875,1
19,0.25244140625,0.2216864675283432,0.023333759978413582,0.24545899033546448,18,1.0,0.0701904296875,0
20,0.281494140625,0.2524837553501129,0.025469820946455002,0.2760253846645355,49,1.0,0.0921630859375,1
21,0.26025390625,0.20953597128391266,0.019531643018126488,0.23513182997703552,187,1.0,0.096435546875,0
22,0.264404296875,0.2257080078125,0.01555637177079916,0.239990234375,51,1.0,0.0892333984375,0
23,0.28662109375,0.2399965226650238,0.027171839028596878,0.2684326171875,136,1.0,0.1182861328125,1
24,0.23681640625,0.2195231169462204,0.016339963302016258,0.2340087890625,15,1.0,0.0455322265625,0
25,0.256591796875,0.22405041754245758,0.014624340459704399,0.24113769829273224,19,1.0,0.054931640625,0
26,0.2391357421875,0.2269287109375,0.009405695833265781,0.23659667372703552,69,1.0,0.0430908203125,0
27,0.24609375,0.21162350475788116,0.01956194080412388,0.232177734375,71,1.0,0.0985107421875,0
28,0.260498046875,0.22121773660182953,0.016798796132206917,0.239013671875,51,1.0,0.0689697265625,0
29,0.270751953125,0.2261427789926529,0.018337104469537735,0.253173828125,73,1.0,0.0897216796875,0
30,0.251220703125,0.23089389503002167,0.016201233491301537,0.24777832627296448,29,1.0,0.060546875,0
31,0.2301025390625,0.20063920319080353,0.010937961749732494,0.21572265028953552,33,1.0,0.0499267578125,0
32,0.238037109375,0.21436657011508942,0.013772712089121342,0.2301025390625,11,1.0,0.04931640625,0
33,0.233154296875,0.2095075398683548,0.006977625656872988,0.21641846001148224,70,1.0,0.0330810546875,0
34,0.2352294921875,0.2121611088514328,0.016566138714551926,0.226806640625,126,1.0,0.0872802734375,0
35,0.232177734375,0.2119520902633667,0.008958596736192703,0.221923828125,61,1.0,0.0396728515625,0
36,0.2322998046875,0.21031604707241058,0.016757454723119736,0.2279052734375,11,1.0,0.0545654296875,0
37,0.2266845703125,0.20223195850849152,0.00936694722622633,0.21188965439796448,19,1.0,0.0384521484375,0
38,0.249755859375,0.20126648247241974,0.01598529703915119,0.22103270888328552,120,1.0,0.0916748046875,0
39,0.2568359375,0.22141113877296448,0.018034275621175766,0.23911133408546448,25,1.0,0.0791015625,0
40,0.2366943359375,0.2127007395029068,0.01601090095937252,0.23366698622703552,27,1.0,0.06201171875,0
41,0.2244873046875,0.1983134001493454,0.016815118491649628,0.22288818657398224,12,1.0,0.0496826171875,0
42,0.22412109375,0.19659423828125,0.02091307006776333,0.2208251953125,16,1.0,0.0814208984375,0
43,0.2413330078125,0.221435546875,0.019490886479616165,0.23896484076976776,20,1.0,0.063232421875,0
44,0.251953125,0.21139803528785706,0.01601499505341053,0.22513428330421448,22,1.0,0.0760498046875,0
45,0.249755859375,0.220178484916687,0.016333987936377525,0.2384033203125,47,1.0,0.0748291015625,0
46,0.25244140625,0.2206355184316635,0.016492528840899467,0.24333496391773224,65,1.0,0.063232421875,0
47,0.2276611328125,0.2113444060087204,0.019352948293089867,0.22762450575828552,12,1.0,0.0511474609375,0
48,0.22412109375,0.21542081236839294,0.01140463538467884,0.2227783203125,33,1.0,0.0400390625,0
49,0.2236328125,0.2049299031496048,0.013846072368323803,0.22027587890625,42,1.0,0.0526123046875,0
50,0.2352294921875,0.2150842398405075,0.012336773797869682,0.2266845703125,67,1.0,0.055419921875,0
51,0.23828125,0.2112291157245636,0.01307527907192707,0.22330322861671448,18,1.0,0.0458984375,0
52,0.2337646484375,0.19825825095176697,0.02161809615790844,0.22578124701976776,38,1.0,0.070556640625,0
53,0.2459716796875,0.22465896606445312,0.013772486709058285,0.23964843153953552,32,1.0,0.0498046875,0
54,0.233154296875,0.21124985814094543,0.009367662481963634,0.2244873046875,102,1.0,0.0477294921875,0
55,0.2359619140625,0.20957401394844055,0.01227807067334652,0.22385254502296448,112,1.0,0.05810546875,0
56,0.251708984375,0.21791400015354156,0.017090903595089912,0.23956298828125,66,1.0,0.06884765625,0
57,0.2352294921875,0.19858579337596893,0.01644483394920826,0.220947265625,81,1.0,0.072998046875,0
58,0.2362060546875,0.218962162733078,0.010498082265257835,0.23046875,84,1.0,0.0478515625,0
59,0.2401123046875,0.21275916695594788,0.011179961264133453,0.2244873046875,65,1.0,0.05419921875,0
60,0.235595703125,0.21100635826587677,0.012275629676878452,0.22280272841453552,39,1.0,0.0509033203125,0
61,0.2578125,0.21989312767982483,0.008398515172302723,0.22919921576976776,395,1.0,0.0762939453125,0
62,0.23828125,0.21025055646896362,0.0123937102034688,0.23092040419578552,102,1.0,0.06298828125,0
63,0.2359619140625,0.21775570511817932,0.007351395208388567,0.22636719048023224,537,1.0,0.04931640625,0
64,0.260009765625,0.22722093760967255,0.013846253044903278,0.24114990234375,66,1.0,0.0667724609375,0
65,0.2310791015625,0.2051265388727188,0.013404926285147667,0.22125244140625,116,1.0,0.0584716796875,0
66,0.2486572265625,0.17990078032016754,0.022506052628159523,0.21086426079273224,182,1.0,0.11572265625,0
67,0.23095703125,0.21570637822151184,0.010518794879317284,0.22414550185203552,30,1.0,0.039794921875,0
68,0.243896484375,0.22030258178710938,0.016406716778874397,0.23875732719898224,32,1.0,0.0596923828125,0
69,0.250732421875,0.21096669137477875,0.022060366347432137,0.24652099609375,46,1.0,0.0697021484375,0
70,0.22216796875,0.2004145085811615,0.009211339056491852,0.21142578125,137,1.0,0.0499267578125,0
71,0.24267578125,0.2056410014629364,0.01903645321726799,0.23017577826976776,18,1.0,0.066162109375,0
72,0.2220458984375,0.2072378247976303,0.009262398816645145,0.21657714247703552,104,1.0,0.05029296875,0
73,0.2398681640625,0.2159551978111267,0.009691974148154259,0.2275390625,181,1.0,0.05322265625,0
74,0.25048828125,0.209692120552063,0.009995264932513237,0.22365722060203552,188,1.0,0.0694580078125,0
75,0.2252197265625,0.2019314169883728,0.014259983785450459,0.21607665717601776,18,1.0,0.0501708984375,0
76,0.223388671875,0.20482459664344788,0.010366025380790234,0.21564941108226776,13,1.0,0.0350341796875,0
77,0.273193359375,0.23137019574642181,0.026806404814124107,0.26152342557907104,13,1.0,0.0780029296875,0
78,0.238525390625,0.2101030796766281,0.012732303701341152,0.22687987983226776,73,1.0,0.052490234375,0
79,0.2568359375,0.20571203529834747,0.02090827189385891,0.23017577826976776,57,1.0,0.0997314453125,0
80,0.225830078125,0.2074720561504364,0.01638912968337536,0.22308349609375,18,1.0,0.053466796875,0
81,0.224853515625,0.21295635402202606,0.006981462240219116,0.2186279296875,26,1.0,0.0360107421875,0
82,0.2408447265625,0.20986652374267578,0.015455610118806362,0.22988280653953552,128,1.0,0.0655517578125,0
83,0.241943359375,0.20027190446853638,0.014479415491223335,0.2254638671875,51,1.0,0.058837890625,0
84,0.2269287109375,0.2075824737548828,0.01277197990566492,0.22254638373851776,64,1.0,0.0494384765625,0
85,0.2210693359375,0.20244140923023224,0.0073457155376672745,0.21201172471046448,65,1.0,0.0355224609375,0
86,0.2315673828125,0.20287737250328064,0.011224078014492989,0.217529296875,175,1.0,0.0616455078125,0
87,0.2366943359375,0.19419126212596893,0.018681220710277557,0.21992187201976776,108,1.0,0.088623046875,0
88,0.2371826171875,0.20605607330799103,0.011295361444354057,0.2178955078125,440,1.0,0.0758056640625,0
89,0.250732421875,0.19102145731449127,0.01908859796822071,0.21248778700828552,184,1.0,0.1094970703125,0
90,0.251708984375,0.20905955135822296,0.01602894626557827,0.23312988877296448,164,1.0,0.0784912109375,0
91,0.219970703125,0.19395308196544647,0.0119001604616642,0.20965576171875,66,1.0,0.0574951171875,0
92,0.2381591796875,0.20871946215629578,0.011771720834076405,0.22609862685203552,47,1.0,0.0484619140625,0
93,0.2471923828125,0.2061561495065689,0.020577620714902878,0.23149414360523224,77,1.0,0.0992431640625,0
94,0.2220458984375,0.20329177379608154,0.011927297338843346,0.213623046875,71,1.0,0.0560302734375,0
95,0.2276611328125,0.20231099426746368,0.009982604533433914,0.21503905951976776,205,1.0,0.064208984375,0
96,0.23388671875,0.21394437551498413,0.009756013751029968,0.2254638671875,68,1.0,0.04833984375,0
97,0.2467041015625,0.2105047106742859,0.015323315747082233,0.23167724907398224,22,1.0,0.0565185546875,0
98,0.2220458984375,0.20091471076011658,0.012388808652758598,0.21494141221046448,75,1.0,0.0760498046875,0
99,0.2242431640625,0.20119601488113403,0.00969195831567049,0.2117919921875,91,1.0,0.062255859375,0
100,0.2568359375,0.2008601427078247,0.017454026266932487,0.22265625,121,1.0,0.1021728515625,0
1,0.2939453125,0.2397053986787796,0.03322969377040863,0.2829345762729645,18,1.0,0.1083984375,1
2,0.296875,0.26915860176086426,0.025548798963427544,0.2900390625,57,1.0,0.111328125,1
3,0.266845703125,0.21027575433254242,0.029461778700351715,0.25556641817092896,19,1.0,0.0894775390625,0
4,0.290283203125,0.2354397177696228,0.034428920596838,0.2874755859375,18,1.0,0.1031494140625,1
5,0.26611328125,0.2220720499753952,0.03346502408385277,0.26323240995407104,14,1.0,0.0809326171875,0
6,0.2481689453125,0.22331207990646362,0.01198046188801527,0.236083984375,51,1.0,0.0643310546875,0
7,0.267578125,0.23100244998931885,0.015036063268780708,0.24755859375,129,1.0,0.0755615234375,0
8,0.26953125,0.2281978279352188,0.018995216116309166,0.2564697265625,116,1.0,0.08056640625,0
9,0.2452392578125,0.22170384228229523,0.01117807999253273,0.23540039360523224,187,1.0,0.0599365234375,0
10,0.233154296875,0.2050883024930954,0.009829560294747353,0.21185302734375,12,1.0,0.0369873046875,0
11,0.247802734375,0.2150806039571762,0.015158990398049355,0.22980956733226776,67,1.0,0.0689697265625,0
12,0.23291015625,0.20460036396980286,0.0104553597047925,0.21917724609375,116,1.0,0.0528564453125,0
13,0.245361328125,0.22070163488388062,0.011226787231862545,0.23417969048023224,82,1.0,0.0491943359375,0
14,0.237548828125,0.2291259765625,0.008337384089827538,0.2349853515625,69,1.0,0.0400390625,0
15,0.2421875,0.2125941663980484,0.01485592033714056,0.23073729872703552,14,1.0,0.0487060546875,0
16,0.2376708984375,0.2163616269826889,0.010289211757481098,0.22911377251148224,122,1.0,0.046875,0
17,0.230712890625,0.20957808196544647,0.009136633016169071,0.21799317002296448,22,1.0,0.039794921875,0
18,0.2479248046875,0.22595684230327606,0.009504840709269047,0.23492431640625,104,1.0,0.0596923828125,0
19,0.22998046875,0.19911575317382812,0.014236167073249817,0.21956786513328552,64,1.0,0.062744140625,0
20,0.229248046875,0.20216721296310425,0.012396631762385368,0.21962890028953552,65,1.0,0.052001953125,0
21,0.233154296875,0.1994474232196808,0.014325722120702267,0.21826171875,71,1.0,0.0628662109375,0
22,0.2425537109375,0.20555569231510162,0.017524030059576035,0.22617188096046448,57,1.0,0.083740234375,0
23,0.2427978515625,0.2189839631319046,0.014407569542527199,0.23173828423023224,24,1.0,0.053466796875,0
24,0.244140625,0.2112087607383728,0.014834517613053322,0.22685547173023224,27,1.0,0.064697265625,0
25,0.2275390625,0.195245623588562,0.016579462215304375,0.21271972358226776,115,1.0,0.0845947265625,0
26,0.2353515625,0.21016494929790497,0.010532601736485958,0.22312012314796448,73,1.0,0.046630859375,0
27,0.2373046875,0.2100762277841568,0.017550576478242874,0.22978515923023224,18,1.0,0.0546875,0
28,0.229736328125,0.1811581552028656,0.018227290362119675,0.197021484375,21,1.0,0.06884765625,0
29,0.2318115234375,0.2130071520805359,0.009555176831781864,0.22540283203125,66,1.0,0.0389404296875,0
30,0.2462158203125,0.21855944395065308,0.012418034486472607,0.23513182997703552,164,1.0,0.0595703125,0
31,0.26171875,0.2191668003797531,0.01351028960198164,0.23930664360523224,497,1.0,0.0758056640625,0
32,0.274658203125,0.24769286811351776,0.013040817342698574,0.25910645723342896,50,1.0,0.081298828125,1
33,0.286376953125,0.2223714143037796,0.015823934227228165,0.23966065049171448,102,1.0,0.095458984375,0
34,0.2427978515625,0.2180449366569519,0.01114263478666544,0.23284912109375,116,1.0,0.0518798828125,0
35,0.27685546875,0.22305235266685486,0.022811315953731537,0.25004881620407104,49,1.0,0.0968017578125,0
36,0.242431640625,0.20532868802547455,0.019476642832159996,0.235107421875,38,1.0,0.0655517578125,0
37,0.2410888671875,0.21254834532737732,0.014015828259289265,0.2313232421875,51,1.0,0.053466796875,0
38,0.24609375,0.22105497121810913,0.019379910081624985,0.24030761420726776,17,1.0,0.0570068359375,0
39,0.2498779296875,0.21719783544540405,0.010187351144850254,0.2271728515625,137,1.0,0.06689453125,0
40,0.26611328125,0.2148257941007614,0.019956016913056374,0.2406005859375,136,1.0,0.096435546875,0
41,0.2437744140625,0.232666015625,0.00736661721020937,0.24135741591453552,10,1.0,0.02392578125,0
42,0.259765625,0.22592341899871826,0.02146776393055916,0.2513183653354645,34,1.0,0.0709228515625,0
43,0.219482421875,0.19935020804405212,0.006988443899899721,0.20847168564796448,65,1.0,0.03662109375,0
44,0.2313232421875,0.18581615388393402,0.018566865473985672,0.20754393935203552,68,1.0,0.090576171875,0
45,0.2236328125,0.2057143747806549,0.009895923547446728,0.21826171875,66,1.0,0.0474853515625,0
46,0.2353515625,0.20926453173160553,0.011151917278766632,0.2218017578125,61,1.0,0.0509033203125,0
47,0.217041015625,0.20051456987857819,0.006762356031686068,0.2081298828125,13,1.0,0.02587890625,0
48,0.2298583984375,0.1992754191160202,0.017065146937966347,0.21440429985523224,28,1.0,0.0621337890625,0
49,0.2320556640625,0.21441650390625,0.009737951681017876,0.22825928032398224,68,1.0,0.0416259765625,0
50,0.2364501953125,0.21675872802734375,0.01541217602789402,0.23065185546875,16,1.0,0.05078125,0
51,0.22509765625,0.19861610233783722,0.015402532182633877,0.21823731064796448,95,1.0,0.0670166015625,0
52,0.22998046875,0.2028154581785202,0.012267169542610645,0.2183837890625,84,1.0,0.058349609375,0
53,0.2254638671875,0.21092529594898224,0.011366044171154499,0.22138671576976776,20,1.0,0.039306640625,0
54,0.2548828125,0.2068820595741272,0.015424096025526524,0.231201171875,81,1.0,0.0797119140625,0
55,0.2391357421875,0.21367187798023224,0.007341706659644842,0.22182616591453552,70,1.0,0.0419921875,0
56,0.26123046875,0.23389647901058197,0.012909472920000553,0.2525878846645355,25,1.0,0.048828125,0
57,0.252685546875,0.20592160522937775,0.015232361853122711,0.22357177734375,266,1.0,0.081787109375,0
58,0.220458984375,0.19513702392578125,0.016138864681124687,0.21441650390625,16,1.0,0.064208984375,0
59,0.216552734375,0.20401278138160706,0.009874752722680569,0.2159423828125,11,1.0,0.0313720703125,0
60,0.231201171875,0.21087981760501862,0.011877229437232018,0.2232666015625,91,1.0,0.0599365234375,0
61,0.23095703125,0.21102729439735413,0.006081604864448309,0.2183837890625,537,1.0,0.041259765625,0
62,0.240234375,0.2102239727973938,0.010522664524614811,0.22265625,84,1.0,0.0501708984375,0
63,0.2469482421875,0.2223714143037796,0.012888078577816486,0.2327880859375,30,1.0,0.0506591796875,0
64,0.221435546875,0.2074991911649704,0.014388930052518845,0.22091063857078552,12,1.0,0.0360107421875,0
65,0.22705078125,0.2019449919462204,0.016026142984628677,0.22614745795726776,12,1.0,0.0543212890625,0
66,0.229736328125,0.20248724520206451,0.010324905626475811,0.21379394829273224,49,1.0,0.0528564453125,0
67,0.2469482421875,0.2205335795879364,0.01763525977730751,0.24022217094898224,18,1.0,0.05712890625,0
68,0.2529296875,0.2076265811920166,0.01856936514377594,0.23388671875,65,1.0,0.0843505859375,0
69,0.2288818359375,0.20836292207241058,0.010353315621614456,0.22099609673023224,99,1.0,0.0543212890625,0
70,0.2325439453125,0.2014375627040863,0.014973418787121773,0.22065429389476776,68,1.0,0.0643310546875,0
71,0.212646484375,0.19462703168392181,0.007974491454660892,0.20700684189796448,13,1.0,0.0296630859375,0
72,0.250732421875,0.22139084339141846,0.016611408442258835,0.245361328125,71,1.0,0.0845947265625,0
73,0.253662109375,0.2166544646024704,0.017336541786789894,0.2401123046875,108,1.0,0.085205078125,0
74,0.2169189453125,0.20200057327747345,0.007313807029277086,0.2113037109375,71,1.0,0.0361328125,0
75,0.2320556640625,0.21106770634651184,0.01368701457977295,0.225341796875,15,1.0,0.048095703125,0
76,0.29296875,0.2287481427192688,0.03065171092748642,0.2770752012729645,42,1.0,0.109619140625,0
77,0.242919921875,0.2065563201904297,0.01733424700796604,0.23325195908546448,128,1.0,0.0731201171875,0
78,0.2354736328125,0.202880859375,0.012935076840221882,0.22152099013328552,20,1.0,0.05126953125,0
79,0.2200927734375,0.21085241436958313,0.006835771258920431,0.21572265028953552,33,1.0,0.0264892578125,0
80,0.23291015625,0.20161883533000946,0.009770489297807217,0.21176758408546448,65,1.0,0.05029296875,0
81,0.2247314453125,0.2016502171754837,0.012800462543964386,0.21601562201976776,135,1.0,0.0618896484375,0
82,0.225830078125,0.20499195158481598,0.010096847079694271,0.218505859375,68,1.0,0.05322265625,0
83,0.2208251953125,0.19486400485038757,0.011499984189867973,0.20844726264476776,135,1.0,0.0765380859375,0
84,0.2493896484375,0.2051677703857422,0.012272094376385212,0.21700438857078552,64,1.0,0.062255859375,0
85,0.2379150390625,0.20931102335453033,0.006982734892517328,0.216796875,395,1.0,0.0528564453125,0
86,0.2310791015625,0.19230619072914124,0.010923322290182114,0.20360107719898224,94,1.0,0.06982421875,0
87,0.2403564453125,0.2053731232881546,0.013775215484201908,0.22148437798023224,192,1.0,0.065185546875,0
88,0.213134765625,0.18610239028930664,0.0100921131670475,0.20209960639476776,69,1.0,0.042724609375,0
89,0.2381591796875,0.20262207090854645,0.012326493859291077,0.22219237685203552,100,1.0,0.058349609375,0
90,0.2403564453125,0.19754038751125336,0.013639219105243683,0.21596679091453552,295,1.0,0.080810546875,0
91,0.23046875,0.21042703092098236,0.010015107691287994,0.22442626953125,66,1.0,0.0423583984375,0
92,0.2203369140625,0.20954421162605286,0.008088499307632446,0.21867676079273224,29,1.0,0.030029296875,0
93,0.2191162109375,0.20693469047546387,0.007417711429297924,0.21484375,67,1.0,0.031982421875,0
94,0.2203369140625,0.20298665761947632,0.009732188656926155,0.2120361328125,15,1.0,0.03515625,0
95,0.2213134765625,0.2049560546875,0.009650505147874355,0.21621093153953552,18,1.0,0.032958984375,0
96,0.22705078125,0.21100963652133942,0.011479252018034458,0.22463378310203552,22,1.0,0.0428466796875,0
97,0.218505859375,0.20002441108226776,0.006796558387577534,0.20653076469898224,30,1.0,0.0322265625,0
98,0.252685546875,0.2021719366312027,0.01516836415976286,0.22038574516773224,187,1.0,0.0885009765625,0
99,0.235595703125,0.20459586381912231,0.009616130031645298,0.21590575575828552,142,1.0,0.058349609375,0
100,0.22509765625,0.20058079063892365,0.008514880202710629,0.20590820908546448,19,1.0,0.039306640625,0
1,0.253662109375,0.2159423828125,0.020279450342059135,0.24587401747703552,28,1.0,0.0755615234375,1
2,0.2578125,0.23894481360912323,0.02184796892106533,0.25537109375,39,1.0,0.0787353515625,1
3,0.257080078125,0.23176082968711853,0.011230506002902985,0.2452392578125,537,1.0,0.0772705078125,1
4,0.254638671875,0.21839652955532074,0.017795346677303314,0.23957519233226776,115,1.0,0.0750732421875,1
5,0.2498779296875,0.22742076218128204,0.008117666468024254,0.237060546875,582,1.0,0.061279296875,1
6,0.2491455078125,0.22701415419578552,0.025637412443757057,0.24650879204273224,20,1.0,0.0772705078125,0
7,0.248779296875,0.21251121163368225,0.018658511340618134,0.2330322265625,37,1.0,0.0849609375,0
8,0.259521484375,0.24067805707454681,0.009203401394188404,0.2489013671875,542,1.0,0.07861328125,1
9,0.25830078125,0.21670426428318024,0.022826790809631348,0.24124756455421448,58,1.0,0.0836181640625,1
10,0.252197265625,0.2221476286649704,0.021789588034152985,0.24329833686351776,18,1.0,0.0709228515625,1
11,0.2479248046875,0.2187899649143219,0.015426167286932468,0.23642578721046448,113,1.0,0.0699462890625,1
12,0.26416015625,0.22853639721870422,0.017132410779595375,0.2435302734375,47,1.0,0.083251953125,1
13,0.244384765625,0.20594719052314758,0.013227845542132854,0.21958008408546448,67,1.0,0.0660400390625,0
14,0.256591796875,0.2295290231704712,0.01693073846399784,0.248779296875,116,1.0,0.07421875,1
15,0.24658203125,0.23002994060516357,0.010438891127705574,0.24033203721046448,153,1.0,0.0628662109375,1
16,0.25,0.2250576913356781,0.013262036256492138,0.24033203721046448,223,1.0,0.076904296875,1
17,0.251708984375,0.22913266718387604,0.014043092727661133,0.24257811903953552,73,1.0,0.070556640625,1
18,0.2491455078125,0.23075777292251587,0.010843157768249512,0.24139404296875,136,1.0,0.069580078125,1
19,0.2447509765625,0.22882080078125,0.016046753153204918,0.2418212890625,36,1.0,0.0660400390625,1
20,0.23388671875,0.20914745330810547,0.013732563704252243,0.22712402045726776,128,1.0,0.0628662109375,1
21,0.232177734375,0.22303466498851776,0.004344554618000984,0.227783203125,10,1.0,0.0146484375,0
22,0.253662109375,0.22791369259357452,0.015524158254265785,0.24171142280101776,58,1.0,0.0748291015625,1
23,0.242919921875,0.2240142822265625,0.012751501984894276,0.23525390028953552,104,1.0,0.065673828125,1
24,0.231689453125,0.21539306640625,0.015321598388254642,0.23015137016773224,34,1.0,0.052001953125,0
25,0.2479248046875,0.21673516929149628,0.023418959230184555,0.2384033203125,91,1.0,0.091064453125,1
26,0.237060546875,0.21023884415626526,0.01280964259058237,0.22575683891773224,47,1.0,0.05224609375,0
27,0.2294921875,0.20997262001037598,0.012065354734659195,0.22312012314796448,188,1.0,0.0538330078125,1
28,0.241455078125,0.21699084341526031,0.013724579475820065,0.2293701171875,73,1.0,0.058349609375,0
29,0.2498779296875,0.2275175154209137,0.012008420191705227,0.238037109375,51,1.0,0.0625,1
30,0.2413330078125,0.21802657842636108,0.011497962288558483,0.2313232421875,122,1.0,0.0562744140625,1
31,0.241455078125,0.20743322372436523,0.01657673344016075,0.23110350966453552,157,1.0,0.0654296875,1
32,0.2471923828125,0.21799522638320923,0.020370064303278923,0.2398681640625,71,1.0,0.08837890625,1
33,0.227783203125,0.2141462117433548,0.010263927280902863,0.22551269829273224,84,1.0,0.0504150390625,0
34,0.225830078125,0.2010067254304886,0.015194686129689217,0.21706542372703552,17,1.0,0.0494384765625,0
35,0.2384033203125,0.20583541691303253,0.01547496672719717,0.22607421875,108,1.0,0.0692138671875,1
36,0.239501953125,0.2045375257730484,0.017366698011755943,0.22635498642921448,98,1.0,0.0706787109375,0
37,0.2337646484375,0.2084282785654068,0.019133014604449272,0.22801513969898224,18,1.0,0.066650390625,0
38,0.236572265625,0.2087605744600296,0.02172187529504299,0.2322998046875,12,1.0,0.060546875,1
39,0.2244873046875,0.20057091116905212,0.013029448688030243,0.21430663764476776,13,1.0,0.043212890625,0
40,0.2332763671875,0.2094217985868454,0.013976290822029114,0.22346191108226776,24,1.0,0.0521240234375,0
41,0.2362060546875,0.2129121720790863,0.018816735595464706,0.23276367783546448,17,1.0,0.055908203125,0
42,0.2374267578125,0.18538795411586761,0.017427846789360046,0.2088623046875,53,1.0,0.0823974609375,0
43,0.2398681640625,0.21281571686267853,0.008233203552663326,0.22319336235523224,497,1.0,0.052490234375,0
44,0.2303466796875,0.20843183994293213,0.013299594633281231,0.22346191108226776,95,1.0,0.057373046875,0
45,0.223388671875,0.190644770860672,0.015557412058115005,0.2081298828125,21,1.0,0.0577392578125,0
46,0.2310791015625,0.20415069162845612,0.010964503511786461,0.21696777641773224,82,1.0,0.0555419921875,0
47,0.2462158203125,0.20627181231975555,0.01663096435368061,0.22624512016773224,357,1.0,0.087158203125,0
48,0.2264404296875,0.21250592172145844,0.01098664104938507,0.22210693359375,66,1.0,0.0499267578125,0
49,0.224365234375,0.198486328125,0.020574068650603294,0.2230224609375,12,1.0,0.0511474609375,0
50,0.234130859375,0.201873779296875,0.014282063581049442,0.22185058891773224,24,1.0,0.0516357421875,0
51,0.260009765625,0.21005231142044067,0.012630041688680649,0.22487792372703552,175,1.0,0.0933837890625,0
52,0.2413330078125,0.21943111717700958,0.008456396870315075,0.228759765625,395,1.0,0.06494140625,0
53,0.255126953125,0.22439852356910706,0.013390879146754742,0.2401123046875,121,1.0,0.0810546875,1
54,0.2210693359375,0.20675382018089294,0.013404418714344501,0.2208251953125,11,1.0,0.03662109375,0
55,0.2286376953125,0.19723671674728394,0.017949851229786873,0.22370605170726776,38,1.0,0.0565185546875,0
56,0.2322998046875,0.20819413661956787,0.015295417048037052,0.22495117783546448,95,1.0,0.058837890625,1
57,0.240478515625,0.20737896859645844,0.017806222662329674,0.22932128608226776,33,1.0,0.069091796875,0
58,0.262939453125,0.212890625,0.012234988622367382,0.22696533799171448,84,1.0,0.0833740234375,0
59,0.27685546875,0.20929133892059326,0.014061972498893738,0.22208252549171448,68,1.0,0.099609375,0
60,0.239013671875,0.19847193360328674,0.015527206473052502,0.21809081733226776,178,1.0,0.0745849609375,0
61,0.2337646484375,0.20955152809619904,0.013820857740938663,0.22744140028953552,65,1.0,0.054443359375,1
62,0.22705078125,0.2001953125,0.015392803587019444,0.21760253608226776,15,1.0,0.0560302734375,0
63,0.2403564453125,0.21048811078071594,0.01284412294626236,0.22609862685203552,113,1.0,0.0638427734375,0
64,0.240478515625,0.2095269113779068,0.017521562054753304,0.23068848252296448,27,1.0,0.0699462890625,0
65,0.23388671875,0.1955299824476242,0.015207627788186073,0.21181640028953552,87,1.0,0.0863037109375,0
66,0.2237548828125,0.21481367945671082,0.006360720843076706,0.21970215439796448,69,1.0,0.0333251953125,0
67,0.216552734375,0.202880859375,0.012729852460324764,0.21330566704273224,15,1.0,0.0364990234375,0
68,0.2294921875,0.19330944120883942,0.01345907337963581,0.211181640625,66,1.0,0.0592041015625,0
69,0.2442626953125,0.19711951911449432,0.014131873846054077,0.21574707329273224,127,1.0,0.0755615234375,0
70,0.2373046875,0.2178007960319519,0.00847100093960762,0.22803954780101776,58,1.0,0.0433349609375,0
71,0.256103515625,0.21556033194065094,0.015786323696374893,0.23363037407398224,262,1.0,0.0877685546875,1
72,0.225341796875,0.206833615899086,0.014169597998261452,0.2177734375,21,1.0,0.0489501953125,0
73,0.2425537109375,0.20822378993034363,0.015397368930280209,0.22967529296875,26,1.0,0.0570068359375,0
74,0.2548828125,0.2338460236787796,0.013395516201853752,0.24542236328125,102,1.0,0.0819091796875,1
75,0.245361328125,0.2069532573223114,0.013598477467894554,0.22613525390625,36,1.0,0.0615234375,0
76,0.2381591796875,0.19951210916042328,0.015708062797784805,0.21962890028953552,62,1.0,0.068603515625,0
77,0.2308349609375,0.2142740935087204,0.004886880051344633,0.21722412109375,18,1.0,0.0218505859375,0
78,0.2337646484375,0.1989261955022812,0.010624723508954048,0.2127685546875,116,1.0,0.056396484375,1
79,0.221435546875,0.20858001708984375,0.014626214280724525,0.219970703125,16,1.0,0.0411376953125,0
80,0.23095703125,0.20592015981674194,0.010126649402081966,0.21633300185203552,98,1.0,0.05859375,0
81,0.23974609375,0.19095608592033386,0.01485477201640606,0.2088623046875,205,1.0,0.090087890625,0
82,0.23291015625,0.2095608115196228,0.016511602327227592,0.22967529296875,18,1.0,0.046630859375,1
83,0.2315673828125,0.20551639795303345,0.011841518804430962,0.22125244140625,166,1.0,0.058349609375,0
84,0.2149658203125,0.19457538425922394,0.010628072544932365,0.20794677734375,26,1.0,0.042236328125,0
85,0.2152099609375,0.20060847699642181,0.007863442413508892,0.20969238877296448,65,1.0,0.0357666015625,0
86,0.2337646484375,0.2097846120595932,0.017126532271504402,0.22407226264476776,18,1.0,0.0548095703125,0
87,0.2208251953125,0.19717228412628174,0.010832950472831726,0.21467284858226776,68,1.0,0.0435791015625,0
88,0.2349853515625,0.2022024244070053,0.01387448888272047,0.2196044921875,104,1.0,0.0679931640625,0
89,0.232666015625,0.20999380946159363,0.011044837534427643,0.219970703125,26,1.0,0.049560546875,0
90,0.223876953125,0.20180901885032654,0.010953313671052456,0.2144775390625,41,1.0,0.045166015625,0
91,0.217041015625,0.20451109111309052,0.008055659011006355,0.2142333984375,31,1.0,0.0322265625,0
92,0.2410888671875,0.20735891163349152,0.013126876205205917,0.223876953125,266,1.0,0.068603515625,0
93,0.21923828125,0.1923653781414032,0.01188563834875822,0.20794677734375,42,1.0,0.0521240234375,0
94,0.240478515625,0.19980169832706451,0.015755193307995796,0.21428222954273224,49,1.0,0.088623046875,0
95,0.2200927734375,0.20898857712745667,0.010137868113815784,0.21650390326976776,29,1.0,0.0384521484375,0
96,0.252685546875,0.20787273347377777,0.012089111842215061,0.22275391221046448,122,1.0,0.0711669921875,0
97,0.247314453125,0.21441423892974854,0.017837660387158394,0.23386231064796448,27,1.0,0.072265625,1
98,0.231201171875,0.1949947327375412,0.013444292359054089,0.20979003608226776,63,1.0,0.064697265625,0
99,0.240966796875,0.2068377286195755,0.015852436423301697,0.22945556044578552,164,1.0,0.07275390625,0
100,0.22509765625,0.195556640625,0.0160878486931324,0.22346191108226776,73,1.0,0.0740966796875,0
